screen,frame_counter,count,segs,xbits,ybits,zbits,angx,angy,angz,trig,cursor,mark
847,685,0,0,0,0,0,0,0,0,0,0,0
848,686,0,0,0,0,0,0,0,0,0,0,0
849,687,0,0,0,0,0,0,0,0,0,0,0
850,688,0,0,0,0,0,0,0,0,0,0,0
851,689,0,0,0,0,0,0,0,0,0,0,0
852,690,0,0,0,0,0,0,0,0,0,0,0
853,691,0,0,0,0,0,0,0,0,0,0,0
854,692,0,0,0,0,0,0,0,0,0,0,0
855,693,0,0,0,0,0,0,0,0,0,0,0
856,694,0,0,0,0,0,0,0,0,0,0,0
857,695,0,0,0,0,0,0,0,0,0,0,0
858,696,0,0,0,0,0,0,0,0,0,0,0
859,697,0,0,0,0,0,0,0,0,0,0,0
860,698,0,0,0,0,0,0,0,0,0,0,0
861,699,0,0,0,0,0,0,0,0,0,0,0
862,700,0,0,0,0,0,0,0,0,0,0,0
863,701,0,0,0,0,0,0,0,0,0,0,0
864,702,0,0,0,0,0,0,0,0,0,0,0
865,703,0,0,0,0,0,0,0,0,0,0,0
866,704,0,0,0,0,0,0,0,0,0,0,0
867,705,0,0,0,0,0,0,0,0,0,0,0
868,706,0,0,0,0,0,0,0,0,0,0,0
869,707,0,0,0,0,0,0,0,0,0,0,0
870,708,0,0,0,0,0,0,0,0,0,0,0
871,709,0,0,0,0,0,0,0,0,0,0,0
872,710,0,0,0,0,0,0,0,0,0,0,0
873,711,0,0,0,0,0,0,0,0,0,0,0
874,712,0,0,0,0,0,0,0,0,0,0,0
875,713,0,0,0,0,0,0,0,0,0,0,0
876,714,0,0,0,0,0,0,0,0,0,0,0
877,715,0,0,0,0,0,0,0,0,0,0,0
878,716,0,0,0,0,0,0,0,0,0,0,0
879,717,0,0,0,0,0,0,0,0,0,0,0
880,718,0,0,0,0,0,0,0,0,0,0,0
881,719,0,0,0,0,0,0,0,0,0,0,0
882,720,0,0,0,0,0,0,0,0,0,0,0
883,721,0,0,0,0,0,0,0,0,0,0,0
884,722,0,0,0,0,0,0,0,0,0,0,0
885,723,0,0,0,0,0,0,0,0,0,0,0
886,724,0,0,0,0,0,0,0,0,0,0,0
887,725,0,0,0,0,0,0,0,0,0,0,0
888,726,0,0,0,0,0,0,0,0,0,0,0
889,727,0,0,0,0,0,0,0,0,0,0,0
890,728,0,0,0,0,0,0,0,0,0,0,0
891,729,0,0,0,0,0,0,0,0,0,0,0
892,730,0,0,0,0,0,0,0,0,0,0,0
893,731,0,0,0,0,0,0,0,0,0,0,0
894,732,0,0,0,0,0,0,0,0,0,0,0
895,733,0,0,0,0,0,0,0,0,0,0,0
896,734,0,0,0,0,0,0,0,0,0,0,0
897,735,0,0,0,0,0,0,0,0,0,0,0
898,736,0,0,0,0,0,0,0,0,0,0,0
899,737,0,0,0,0,0,0,0,0,0,0,0
900,738,0,0,0,0,0,0,0,0,0,0,0
901,739,0,0,0,0,0,0,0,0,0,0,0
902,740,0,0,0,0,0,0,0,0,0,0,0
903,741,0,0,0,0,0,0,0,0,0,0,0
904,742,0,0,0,0,0,0,0,0,0,0,0
905,743,0,0,0,0,0,0,0,0,0,0,0
906,744,0,0,0,0,0,0,0,0,0,0,0
907,745,0,0,0,0,0,0,0,0,0,0,0
908,746,0,0,0,0,0,0,0,0,0,0,0
909,747,0,0,0,0,0,0,0,0,0,0,0
910,748,0,0,0,0,0,0,0,0,0,0,0
911,749,0,0,0,0,0,0,0,0,0,0,0
912,750,0,0,0,0,0,0,0,0,0,0,0
913,751,0,0,0,0,0,0,0,0,0,0,0
914,752,0,0,0,0,0,0,0,0,0,0,0
915,753,0,0,0,0,0,0,0,0,0,0,0
916,754,0,0,0,0,0,0,0,0,0,0,0
917,755,0,0,0,0,0,0,0,0,0,0,0
918,756,0,0,0,0,0,0,0,0,0,0,0
919,757,0,0,0,0,0,0,0,0,0,0,0
920,758,0,0,0,0,0,0,0,0,0,0,0
921,759,0,0,0,0,0,0,0,0,0,0,0
922,760,0,0,0,0,0,0,0,0,0,0,0
923,761,0,0,0,0,0,0,0,0,0,0,0
924,762,0,0,0,0,0,0,0,0,0,0,0
925,763,0,0,0,0,0,0,0,0,0,0,0
926,764,0,0,0,0,0,0,0,0,0,0,0
927,765,0,0,0,0,0,0,0,0,0,0,0
928,766,0,0,0,0,0,0,0,0,0,0,0
929,767,0,0,0,0,0,0,0,0,0,0,0
930,768,0,0,0,0,0,0,0,0,0,0,0
931,769,0,0,0,0,0,0,0,0,0,0,0
932,770,0,0,0,0,0,0,0,0,0,0,0
933,771,0,0,0,0,0,0,0,0,0,0,0
934,772,0,0,0,0,0,0,0,0,0,0,0
935,773,0,0,0,0,0,0,0,0,0,0,0
936,774,0,0,0,0,0,0,0,0,0,0,0
937,775,0,0,0,0,0,0,0,0,0,0,0
938,776,0,0,0,0,0,0,0,0,0,0,0
939,777,0,0,0,0,0,0,0,0,0,0,0
940,778,0,0,0,0,0,0,0,0,0,0,0
941,779,0,0,0,0,0,0,0,0,0,0,0
942,780,0,0,0,0,0,0,0,0,0,0,0
943,781,0,0,0,0,0,0,0,0,0,0,0
944,782,0,0,0,0,0,0,0,0,0,0,0
945,783,0,0,0,0,0,0,0,0,0,0,0
946,784,0,0,0,0,0,0,0,0,0,0,0
947,785,0,0,0,0,0,0,0,0,0,0,0
948,786,0,0,0,0,0,0,0,0,0,0,0
949,787,0,0,0,0,0,0,0,0,0,0,0
950,788,0,0,0,0,0,0,0,0,0,0,0
951,789,0,0,0,0,0,0,0,0,0,0,0
952,790,0,0,0,0,0,0,0,0,0,0,0
953,791,0,0,0,0,0,0,0,0,0,0,0
954,792,0,0,0,0,0,0,0,0,0,0,0
955,793,0,0,0,0,0,0,0,0,0,0,0
956,794,0,0,0,0,0,0,0,0,0,0,0
957,795,0,0,0,0,0,0,0,0,0,0,0
958,796,0,0,0,0,0,0,0,0,0,0,0
959,797,0,0,0,0,0,0,0,0,0,0,0
960,798,0,0,0,0,0,0,0,0,0,0,0
961,799,0,0,0,0,0,0,0,0,0,0,0
962,800,0,0,0,0,0,0,0,0,0,0,0
963,801,0,0,0,0,0,0,0,0,0,0,0
964,802,0,0,0,0,0,0,0,0,0,0,0
965,803,0,0,0,0,0,0,0,0,0,0,0
966,804,0,0,0,0,0,0,0,0,0,0,0
967,805,0,0,0,0,0,0,0,0,0,0,0
968,806,0,0,0,0,0,0,0,0,0,0,0
969,807,0,0,0,0,0,0,0,0,0,0,0
970,808,0,0,0,0,0,0,0,0,0,0,0
971,809,0,0,0,0,0,0,0,0,0,0,0
972,810,0,0,0,0,0,0,0,0,0,0,0
973,811,0,0,0,0,0,0,0,0,0,0,0
974,812,0,0,0,0,0,0,0,0,0,0,0
975,813,0,0,0,0,0,0,0,0,0,0,0
976,814,0,0,0,0,0,0,0,0,0,0,0
977,815,0,0,0,0,0,0,0,0,0,0,0
978,816,0,0,0,0,0,0,0,0,0,0,0
979,817,0,0,0,0,0,0,0,0,0,0,0
980,818,0,0,0,0,0,0,0,0,0,0,0
981,819,0,0,0,0,0,0,0,0,0,0,0
982,820,0,0,0,0,0,0,0,0,0,0,0
983,821,0,0,0,0,0,0,0,0,0,0,0
984,822,0,0,0,0,0,0,0,0,0,0,0
985,823,0,0,0,0,0,0,0,0,0,0,0
986,824,0,0,0,0,0,0,0,0,0,0,0
987,825,0,0,0,0,0,0,0,0,0,0,0
988,826,0,0,0,0,0,0,0,0,0,0,0
989,827,0,0,0,0,0,0,0,0,0,0,0
990,828,0,0,0,0,0,0,0,0,0,0,0
991,829,0,0,0,0,0,0,0,0,0,0,0
992,830,0,0,0,0,0,0,0,0,0,0,0
993,831,0,0,0,0,0,0,0,0,0,0,0
994,832,0,0,0,0,0,0,0,0,0,0,0
995,833,0,0,0,0,0,0,0,0,0,0,0
996,834,0,0,0,0,0,0,0,0,0,0,0
997,835,0,0,0,0,0,0,0,0,0,0,0
998,836,0,0,0,0,0,0,0,0,0,0,0
999,837,0,0,0,0,0,0,0,0,0,0,0
1000,838,0,0,0,0,0,0,0,0,0,0,0
1001,839,0,0,0,0,0,0,0,0,0,0,0
1002,840,0,0,0,0,0,0,0,0,0,0,0
1003,841,0,0,0,0,0,0,0,0,0,0,0
1004,842,0,0,0,0,0,0,0,0,0,0,0
1005,843,0,0,0,0,0,0,0,0,0,0,0
1006,844,0,0,0,0,0,0,0,0,0,0,0
1007,845,0,0,0,0,0,0,0,0,0,0,0
1008,846,0,0,0,0,0,0,0,0,0,0,0
1009,847,0,0,0,0,0,0,0,0,0,0,0
1010,848,0,0,0,0,0,0,0,0,0,0,0
1011,849,0,0,0,0,0,0,0,0,0,0,0
1012,850,0,0,0,0,0,0,0,0,0,0,0
1013,851,0,0,0,0,0,0,0,0,0,0,0
1014,852,0,0,0,0,0,0,0,0,0,0,0
1015,853,0,0,0,0,0,0,0,0,0,0,0
1016,854,0,0,0,0,0,0,0,0,0,0,0
1017,855,0,0,0,0,0,0,0,0,0,0,0
1018,856,0,0,0,0,0,0,0,0,0,0,0
1019,857,0,0,0,0,0,0,0,0,0,0,0
1020,858,0,0,0,0,0,0,0,0,0,0,0
1021,859,0,0,0,0,0,0,0,0,0,0,0
1022,860,0,0,0,0,0,0,0,0,0,0,0
1023,861,0,0,0,0,0,0,0,0,0,0,0
1024,862,0,0,0,0,0,0,0,0,0,0,0
1025,863,0,0,0,0,0,0,0,0,0,0,0
1026,864,0,0,0,0,0,0,0,0,0,0,0
1027,865,0,0,0,0,0,0,0,0,0,0,0
1028,866,0,0,0,0,0,0,0,0,0,0,0
1029,867,0,0,0,0,0,0,0,0,0,0,0
1030,868,0,0,0,0,0,0,0,0,0,0,0
1031,869,0,0,0,0,0,0,0,0,0,0,0
1032,870,0,0,0,0,0,0,0,0,0,0,0
1033,871,0,0,0,0,0,0,0,0,0,0,0
1034,872,0,0,0,0,0,0,0,0,0,0,0
1035,873,0,0,0,0,0,0,0,0,0,0,0
1036,874,0,0,0,0,0,0,0,0,0,0,0
1037,875,0,0,0,0,0,0,0,0,0,0,0
1038,876,0,0,0,0,0,0,0,0,0,0,0
1039,877,0,0,0,0,0,0,0,0,0,0,0
1040,878,0,0,0,0,0,0,0,0,0,0,0
1041,879,0,0,0,0,0,0,0,0,0,0,0
1042,880,0,0,0,0,0,0,0,0,0,0,0
1043,881,0,0,0,0,0,0,0,0,0,0,0
1044,882,0,0,0,0,0,0,0,0,0,0,0
1045,883,0,0,0,0,0,0,0,0,0,0,0
1046,884,0,0,0,0,0,0,0,0,0,0,0
1047,885,0,0,0,0,0,0,0,0,0,0,0
1048,886,0,0,0,0,0,0,0,0,0,0,0
1049,887,0,0,0,0,0,0,0,0,0,0,0
1050,888,0,0,0,0,0,0,0,0,0,0,0
1051,889,0,0,0,0,0,0,0,0,0,0,0
1052,890,0,0,0,0,0,0,0,0,0,0,0
1053,891,0,0,0,0,0,0,0,0,0,0,0
1054,892,0,0,0,0,0,0,0,0,0,0,0
1055,893,0,0,0,0,0,0,0,0,0,0,0
1056,894,0,0,0,0,0,0,0,0,0,0,0
1057,895,0,0,0,0,0,0,0,0,0,0,0
1058,896,0,0,0,0,0,0,0,0,0,0,0
1059,897,0,0,0,0,0,0,0,0,0,0,0
1060,898,0,0,0,0,0,0,0,0,0,0,0
1061,899,0,0,0,0,0,0,0,0,0,0,0
1062,900,0,0,0,0,0,0,0,0,0,0,0
1063,901,0,0,0,0,0,0,0,0,0,0,0
1064,902,0,0,0,0,0,0,0,0,0,0,0
1065,903,0,0,0,0,0,0,0,0,0,0,0
1066,904,0,0,0,0,0,0,0,0,0,0,0
1067,905,0,0,0,0,0,0,0,0,0,0,0
1068,906,0,0,0,0,0,0,0,0,0,0,0
1069,907,0,0,0,0,0,0,0,0,0,0,0
1070,908,0,0,0,0,0,0,0,0,0,0,0
1071,909,0,0,0,0,0,0,0,0,0,0,0
1072,910,0,0,0,0,0,0,0,0,0,0,0
1073,911,0,0,0,0,0,0,0,0,0,0,0
1074,912,0,0,0,0,0,0,0,0,0,0,0
1075,913,0,0,0,0,0,0,0,0,0,0,0
1076,914,0,0,0,0,0,0,0,0,0,0,0
1077,915,0,0,0,0,0,0,0,0,0,0,0
1078,916,0,0,0,0,0,0,0,0,0,0,0
1079,917,0,0,0,0,0,0,0,0,0,0,0
1080,918,0,0,0,0,0,0,0,0,0,0,0
1081,919,0,0,0,0,0,0,0,0,0,0,0
1082,920,0,0,0,0,0,0,0,0,0,0,0
1083,921,0,0,0,0,0,0,0,0,0,0,0
1084,922,0,0,0,0,0,0,0,0,0,0,0
1085,923,0,0,0,0,0,0,0,0,0,0,0
1086,924,0,0,0,0,0,0,0,0,0,0,0
1087,925,0,0,0,0,0,0,0,0,0,0,0
1088,926,0,0,0,0,0,0,0,0,0,0,0
1089,927,0,0,0,0,0,0,0,0,0,0,0
1090,928,0,0,0,0,0,0,0,0,0,0,0
1091,929,0,0,0,0,0,0,0,0,0,0,0
1092,930,0,0,0,0,0,0,0,0,0,0,0
1093,931,0,0,0,0,0,0,0,0,0,0,0
1094,932,0,0,0,0,0,0,0,0,0,0,0
1095,933,0,0,0,0,0,0,0,0,0,0,0
1096,934,0,0,0,0,0,0,0,0,0,0,0
1097,935,0,0,0,0,0,0,0,0,0,0,0
1098,936,0,0,0,0,0,0,0,0,0,0,0
1099,937,0,0,0,0,0,0,0,0,0,0,0
1100,938,0,0,0,0,0,0,0,0,0,0,0
1101,939,0,0,0,0,0,0,0,0,0,0,0
1102,940,0,0,0,0,0,0,0,0,0,0,0
1103,941,0,0,0,0,0,0,0,0,0,0,0
1104,942,0,0,0,0,0,0,0,0,0,0,0
1105,943,0,0,0,0,0,0,0,0,0,0,0
1106,944,0,0,0,0,0,0,0,0,0,0,0
1107,945,0,0,0,0,0,0,0,0,0,0,0
1108,946,0,0,0,0,0,0,0,0,0,0,0
1109,947,0,0,0,0,0,0,0,0,0,0,0
1110,948,0,0,0,0,0,0,0,0,0,0,0
1111,949,0,0,0,0,0,0,0,0,0,0,0
1112,950,0,0,0,0,0,0,0,0,0,0,0
1113,951,0,0,0,0,0,0,0,0,0,0,0
1114,952,0,0,0,0,0,0,0,0,0,0,0
1115,953,0,0,0,0,0,0,0,0,0,0,0
1116,954,0,0,0,0,0,0,0,0,0,0,0
1117,955,0,0,0,0,0,0,0,0,0,0,0
1118,956,0,0,0,0,0,0,0,0,0,0,0
1119,957,0,0,0,0,0,0,0,0,0,0,0
1120,958,0,0,0,0,0,0,0,0,0,0,0
1121,959,0,0,0,0,0,0,0,0,0,0,0
1122,960,0,0,0,0,0,0,0,0,0,0,0
1123,961,0,0,0,0,0,0,0,0,0,0,0
1124,962,0,0,0,0,0,0,0,0,0,0,0
1125,963,0,0,0,0,0,0,0,0,0,0,0
1126,964,0,0,0,0,0,0,0,0,0,0,0
1127,965,0,0,0,0,0,0,0,0,0,0,0
1128,966,0,0,0,0,0,0,0,0,0,0,0
1129,967,0,0,0,0,0,0,0,0,0,0,0
1130,968,0,0,0,0,0,0,0,0,0,0,0
1131,969,0,0,0,0,0,0,0,0,0,0,0
1132,970,0,0,0,0,0,0,0,0,0,0,0
1133,971,0,0,0,0,0,0,0,0,0,0,0
1134,972,0,0,0,0,0,0,0,0,0,0,0
1135,973,0,0,0,0,0,0,0,0,0,0,0
1136,974,0,0,0,0,0,0,0,0,0,0,0
1137,975,0,0,0,0,0,0,0,0,0,0,0
1138,976,0,0,0,0,0,0,0,0,0,0,0
1139,977,0,0,0,0,0,0,0,0,0,0,0
1140,978,0,0,0,0,0,0,0,0,0,0,0
1141,979,0,0,0,0,0,0,0,0,0,0,0
1142,980,0,0,0,0,0,0,0,0,0,0,0
1143,981,0,0,0,0,0,0,0,0,0,0,0
1144,982,0,0,0,0,0,0,0,0,0,0,0
1145,983,0,0,0,0,0,0,0,0,0,0,0
1146,984,0,0,0,0,0,0,0,0,0,0,0
1147,985,0,0,0,0,0,0,0,0,0,0,0
1148,986,0,0,0,0,0,0,0,0,0,0,0
1149,987,0,0,0,0,0,0,0,0,0,0,0
1150,988,0,0,0,0,0,0,0,0,0,0,0
1151,989,0,0,0,0,0,0,0,0,0,0,0
1152,990,0,0,0,0,0,0,0,0,0,0,0
1153,991,0,0,0,0,0,0,0,0,0,0,0
1154,992,0,0,0,0,0,0,0,0,0,0,0
1155,993,0,0,0,0,0,0,0,0,0,0,0
1156,994,0,0,0,0,0,0,0,0,0,0,0
1157,995,0,0,0,0,0,0,0,0,0,0,0
1158,996,0,0,0,0,0,0,0,0,0,0,0
1159,997,0,0,0,0,0,0,0,0,0,0,0
1160,998,0,0,0,0,0,0,0,0,0,0,0
1161,999,0,0,0,0,0,0,0,0,0,0,0
1162,1000,0,0,0,0,0,0,0,0,0,0,0
1163,1001,0,0,0,0,0,0,0,0,0,0,0
1164,1002,0,0,0,0,0,0,0,0,0,0,0
1165,1003,0,0,0,0,0,0,0,0,0,0,0
1166,1004,0,0,0,0,0,0,0,0,0,0,0
1167,1005,0,0,0,0,0,0,0,0,0,0,0
1168,1006,0,0,0,0,0,0,0,0,0,0,0
1169,1007,0,0,0,0,0,0,0,0,0,0,0
1170,1008,0,0,0,0,0,0,0,0,0,0,0
1171,1009,0,0,0,0,0,0,0,0,0,0,0
1172,1010,0,0,0,0,0,0,0,0,0,0,0
1173,1011,0,0,0,0,0,0,0,0,0,0,0
1174,1012,0,0,0,0,0,0,0,0,0,0,0
1175,1013,0,0,0,0,0,0,0,0,0,0,0
1176,1014,0,0,0,0,0,0,0,0,0,0,0
1177,1015,0,0,0,0,0,0,0,0,0,0,0
1178,1016,0,0,0,0,0,0,0,0,0,0,0
1179,1017,0,0,0,0,0,0,0,0,0,0,0
1180,1018,0,0,0,0,0,0,0,0,0,0,0
1181,1019,0,0,0,0,0,0,0,0,0,0,0
1182,1020,0,0,0,0,0,0,0,0,0,0,0
1183,1021,0,0,0,0,0,0,0,0,0,0,0
1184,1022,0,0,0,0,0,0,0,0,0,0,0
1185,1023,0,0,0,0,0,0,0,0,0,0,0
1186,1024,0,0,0,0,0,0,0,0,0,0,0
1187,1025,0,0,0,0,0,0,0,0,0,0,0
1188,1026,0,0,0,0,0,0,0,0,0,0,0
1189,1027,0,0,0,0,0,0,0,0,0,0,0
1190,1028,0,0,0,0,0,0,0,0,0,0,0
1191,1029,0,0,0,0,0,0,0,0,0,0,0
1192,1030,0,0,0,0,0,0,0,0,0,0,0
1193,1031,0,0,0,0,0,0,0,0,0,0,0
1194,1032,0,0,0,0,0,0,0,0,0,0,0
1195,1033,0,0,0,0,0,0,0,0,0,0,0
1196,1034,0,0,0,0,0,0,0,0,0,0,0
1197,1035,0,0,0,0,0,0,0,0,0,0,0
1198,1036,0,0,0,0,0,0,0,0,0,0,0
1199,1037,0,0,0,0,0,0,0,0,0,0,0
1200,1038,0,0,0,0,0,0,0,0,0,0,0
1201,1039,0,0,0,0,0,0,0,0,0,0,0
1202,1040,0,0,0,0,0,0,0,0,0,0,0
1203,1041,0,0,0,0,0,0,0,0,0,0,0
1204,1042,0,0,0,0,0,0,0,0,0,0,0
1205,1043,0,0,0,0,0,0,0,0,0,0,0
1206,1044,0,0,0,0,0,0,0,0,0,0,0
1207,1045,0,0,0,0,0,0,0,0,0,0,0
1208,1046,0,0,0,0,0,0,0,0,0,0,0
1209,1047,0,0,0,0,0,0,0,0,0,0,0
1210,1048,0,0,0,0,0,0,0,0,0,0,0
1211,1049,0,0,0,0,0,0,0,0,0,0,0
1212,1050,0,0,0,0,0,0,0,0,0,0,0
1213,1051,0,0,0,0,0,0,0,0,0,0,0
1214,1052,0,0,0,0,0,0,0,0,0,0,0
1215,1053,0,0,0,0,0,0,0,0,0,0,0
1216,1054,0,0,0,0,0,0,0,0,0,0,0
1217,1055,0,0,0,0,0,0,0,0,0,0,0
1218,1056,0,0,0,0,0,0,0,0,0,0,0
1219,1057,0,0,0,0,0,0,0,0,0,0,0
1220,1058,0,0,0,0,0,0,0,0,0,0,0
1221,1059,0,0,0,0,0,0,0,0,0,0,0
1222,1060,0,0,0,0,0,0,0,0,0,0,0
1223,1061,0,0,0,0,0,0,0,0,0,0,0
1224,1062,0,0,0,0,0,0,0,0,0,0,0
1225,1063,0,0,0,0,0,0,0,0,0,0,0
1226,1064,0,0,0,0,0,0,0,0,0,0,0
1227,1065,0,0,0,0,0,0,0,0,0,0,0
1228,1066,0,0,0,0,0,0,0,0,0,0,0
1229,1067,0,0,0,0,0,0,0,0,0,0,0
1230,1068,0,0,0,0,0,0,0,0,0,0,0
1231,1069,0,0,0,0,0,0,0,0,0,0,0
1232,1070,0,0,0,0,0,0,0,0,0,0,0
1233,1071,0,0,0,0,0,0,0,0,0,0,0
1234,1072,0,0,0,0,0,0,0,0,0,0,0
1235,1073,0,0,0,0,0,0,0,0,0,0,0
1236,1074,0,0,0,0,0,0,0,0,0,0,0
1237,1075,0,0,0,0,0,0,0,0,0,0,0
1238,1076,0,0,0,0,0,0,0,0,0,0,0
1239,1077,0,0,0,0,0,0,0,0,0,0,0
1240,1078,0,0,0,0,0,0,0,0,0,0,0
1241,1079,0,0,0,0,0,0,0,0,0,0,0
1242,1080,0,0,0,0,0,0,0,0,0,0,0
1243,1081,0,0,0,0,0,0,0,0,0,0,0
1244,1082,0,0,0,0,0,0,0,0,0,0,0
1245,1083,0,0,0,0,0,0,0,0,0,0,0
1246,1084,0,0,0,0,0,0,0,0,0,0,0
1247,1085,0,0,0,0,0,0,0,0,0,0,0
1248,1086,0,0,0,0,0,0,0,0,0,0,0
1249,1087,0,0,0,0,0,0,0,0,0,0,0
1250,1088,0,0,0,0,0,0,0,0,0,0,0
1251,1089,0,0,0,0,0,0,0,0,0,0,0
1252,1090,0,0,0,0,0,0,0,0,0,0,0
1253,1091,0,0,0,0,0,0,0,0,0,0,0
1254,1092,0,0,0,0,0,0,0,0,0,0,0
1255,1093,0,0,0,0,0,0,0,0,0,0,0
1256,1094,0,0,0,0,0,0,0,0,0,0,0
1257,1095,0,0,0,0,0,0,0,0,0,0,0
1258,1096,0,0,0,0,0,0,0,0,0,0,0
1259,1097,0,0,0,0,0,0,0,0,0,0,0
1260,1098,0,0,0,0,0,0,0,0,0,0,0
1261,1099,0,0,0,0,0,0,0,0,0,0,0
1262,1100,0,0,0,0,0,0,0,0,0,0,0
1263,1101,0,0,0,0,0,0,0,0,0,0,0
1264,1102,0,0,0,0,0,0,0,0,0,0,0
1265,1103,0,0,0,0,0,0,0,0,0,0,0
1266,1104,0,0,0,0,0,0,0,0,0,0,0
1267,1105,0,0,0,0,0,0,0,0,0,0,0
1268,1106,0,0,0,0,0,0,0,0,0,0,0
1269,1107,0,0,0,0,0,0,0,0,0,0,0
1270,1108,0,0,0,0,0,0,0,0,0,0,0
1271,1109,0,0,0,0,0,0,0,0,0,0,0
1272,1110,0,0,0,0,0,0,0,0,0,0,0
1273,1111,0,0,0,0,0,0,0,0,0,0,0
1274,1112,0,0,0,0,0,0,0,0,0,0,0
1275,1113,0,0,0,0,0,0,0,0,0,0,0
1276,1114,0,0,0,0,0,0,0,0,0,0,0
1277,1115,0,0,0,0,0,0,0,0,0,0,0
1278,1116,0,0,0,0,0,0,0,0,0,0,0
1279,1117,0,0,0,0,0,0,0,0,0,0,0
1280,1118,0,0,0,0,0,0,0,0,0,0,0
1281,1119,0,0,0,0,0,0,0,0,0,0,0
1282,1120,0,0,0,0,0,0,0,0,0,0,0
1283,1121,0,0,0,0,0,0,0,0,0,0,0
1284,1122,0,0,0,0,0,0,0,0,0,0,0
1285,1123,0,0,0,0,0,0,0,0,0,0,0
1286,1124,0,0,0,0,0,0,0,0,0,0,0
1287,1125,0,0,0,0,0,0,0,0,0,0,0
1288,1126,0,0,0,0,0,0,0,0,0,0,0
1289,1127,0,0,0,0,0,0,0,0,0,0,0
1290,1128,0,0,0,0,0,0,0,0,0,0,0
1291,1129,0,0,0,0,0,0,0,0,0,0,0
1292,1130,0,0,0,0,0,0,0,0,0,0,0
1293,1131,0,0,0,0,0,0,0,0,0,0,0
1294,1132,0,0,0,0,0,0,0,0,0,0,0
1295,1133,0,0,0,0,0,0,0,0,0,0,0
1296,1134,0,0,0,0,0,0,0,0,0,0,0
1297,1135,0,0,0,0,0,0,0,0,0,0,0
1298,1136,0,0,0,0,0,0,0,0,0,0,0
1299,1137,0,0,0,0,0,0,0,0,0,0,0
1300,1138,0,0,0,0,0,0,0,0,0,0,0
1301,1139,0,0,0,0,0,0,0,0,0,0,0
1302,1140,0,0,0,0,0,0,0,0,0,0,0
1303,1141,0,0,0,0,0,0,0,0,0,0,0
1304,1142,0,0,0,0,0,0,0,0,0,0,0
1305,1143,0,0,0,0,0,0,0,0,0,0,0
1306,1144,0,0,0,0,0,0,0,0,0,0,0
1307,1145,0,0,0,0,0,0,0,0,0,0,0
1308,1146,0,0,0,0,0,0,0,0,0,0,0
1309,1147,0,0,0,0,0,0,0,0,0,0,0
1310,1148,0,0,0,0,0,0,0,0,0,0,0
1311,1149,0,0,0,0,0,0,0,0,0,0,0
1312,1150,0,0,0,0,0,0,0,0,0,0,0
1313,1151,0,0,0,0,0,0,0,0,0,0,0
1314,1152,0,0,0,0,0,0,0,0,0,0,0
1315,1153,0,0,0,0,0,0,0,0,0,0,0
1316,1154,0,0,0,0,0,0,0,0,0,0,0
1317,1155,0,0,0,0,0,0,0,0,0,0,0
1318,1156,0,0,0,0,0,0,0,0,0,0,0
1319,1157,0,0,0,0,0,0,0,0,0,0,0
1320,1158,0,0,0,0,0,0,0,0,0,0,0
1321,1159,0,0,0,0,0,0,0,0,0,0,0
1322,1160,0,0,0,0,0,0,0,0,0,0,0
1323,1161,0,0,0,0,0,0,0,0,0,0,0
1324,1162,0,0,0,0,0,0,0,0,0,0,0
1325,1163,0,0,0,0,0,0,0,0,0,0,0
1326,1164,0,0,0,0,0,0,0,0,0,0,0
1327,1165,0,0,0,0,0,0,0,0,0,0,0
1328,1166,0,0,0,0,0,0,0,0,0,0,0
1329,1167,0,0,0,0,0,0,0,0,0,0,0
1330,1168,0,0,0,0,0,0,0,0,0,0,0
1331,1169,0,0,0,0,0,0,0,0,0,0,0
1332,1170,0,0,0,0,0,0,0,0,0,0,0
1333,1171,0,0,0,0,0,0,0,0,0,0,0
1334,1172,0,0,0,0,0,0,0,0,0,0,0
1335,1173,0,0,0,0,0,0,0,0,0,0,0
1336,1174,0,0,0,0,0,0,0,0,0,0,0
1337,1175,0,0,0,0,0,0,0,0,0,0,0
1338,1176,0,0,0,0,0,0,0,0,0,0,0
1339,1177,0,0,0,0,0,0,0,0,0,0,0
1340,1178,0,0,0,0,0,0,0,0,0,0,0
1341,1179,0,0,0,0,0,0,0,0,0,0,0
1342,1180,0,0,0,0,0,0,0,0,0,0,0
1343,1181,0,0,0,0,0,0,0,0,0,0,0
1344,1182,0,0,0,0,0,0,0,0,0,0,0
1345,1183,0,0,0,0,0,0,0,0,0,0,0
1346,1184,0,0,0,0,0,0,0,0,0,0,0
1347,1185,0,0,0,0,0,0,0,0,0,0,0
1348,1186,0,0,0,0,0,0,0,0,0,0,0
1349,1187,0,0,0,0,0,0,0,0,0,0,0
1350,1188,0,0,0,0,0,0,0,0,0,0,0
1351,1189,0,0,0,0,0,0,0,0,0,0,0
1352,1190,0,0,0,0,0,0,0,0,0,0,0
1353,1191,0,0,0,0,0,0,0,0,0,0,0
1354,1192,0,0,0,0,0,0,0,0,0,0,0
1355,1193,0,0,0,0,0,0,0,0,0,0,0
1356,1194,0,0,0,0,0,0,0,0,0,0,0
1357,1195,0,0,0,0,0,0,0,0,0,0,0
1358,1196,0,0,0,0,0,0,0,0,0,0,0
1359,1197,0,0,0,0,0,0,0,0,0,0,0
1360,1198,0,0,0,0,0,0,0,0,0,0,0
1361,1199,0,0,0,0,0,0,0,0,0,0,0
1362,1200,0,0,0,0,0,0,0,0,0,0,0
1363,1201,0,0,0,0,0,0,0,0,0,0,0
1364,1202,0,0,0,0,0,0,0,0,0,0,0
1365,1203,0,0,0,0,0,0,0,0,0,0,0
1366,1204,0,0,0,0,0,0,0,0,0,0,0
1367,1205,0,0,0,0,0,0,0,0,0,0,0
1368,1206,0,0,0,0,0,0,0,0,0,0,0
1369,1207,0,0,0,0,0,0,0,0,0,0,0
1370,1208,0,0,0,0,0,0,0,0,0,0,0
1371,1209,0,0,0,0,0,0,0,0,0,0,0
1372,1210,0,0,0,0,0,0,0,0,0,0,0
1373,1211,0,0,0,0,0,0,0,0,0,0,0
1374,1212,0,0,0,0,0,0,0,0,0,0,0
1375,1213,0,0,0,0,0,0,0,0,0,0,0
1376,1214,0,0,0,0,0,0,0,0,0,0,0
1377,1215,0,0,0,0,0,0,0,0,0,0,0
1378,1216,0,0,0,0,0,0,0,0,0,0,0
1379,1217,0,0,0,0,0,0,0,0,0,0,0
1380,1218,0,0,0,0,0,0,0,0,0,0,0
1381,1219,0,0,0,0,0,0,0,0,0,0,0
1382,1220,0,0,0,0,0,0,0,0,0,0,0
1383,1221,0,0,0,0,0,0,0,0,0,0,0
1384,1222,0,0,0,0,0,0,0,0,0,0,0
1385,1223,0,0,0,0,0,0,0,0,0,0,0
1386,1224,0,0,0,0,0,0,0,0,0,0,0
1387,1225,0,0,0,0,0,0,0,0,0,0,0
1388,1226,0,0,0,0,0,0,0,0,0,0,0
1389,1227,0,0,0,0,0,0,0,0,0,0,0
1390,1228,0,0,0,0,0,0,0,0,0,0,0
1391,1229,0,0,0,0,0,0,0,0,0,0,0
1392,1230,0,0,0,0,0,0,0,0,0,0,0
1393,1231,0,0,0,0,0,0,0,0,0,0,0
1394,1232,0,0,0,0,0,0,0,0,0,0,0
1395,1233,0,0,0,0,0,0,0,0,0,0,0
1396,1234,0,0,0,0,0,0,0,0,0,0,0
1397,1235,0,0,0,0,0,0,0,0,0,0,0
1398,1236,0,0,0,0,0,0,0,0,0,0,0
1399,1237,0,0,0,0,0,0,0,0,0,0,0
1400,1238,0,0,0,0,0,0,0,0,0,0,0
1401,1239,0,0,0,0,0,0,0,0,0,0,0
1402,1240,0,0,0,0,0,0,0,0,0,0,0
1403,1241,0,0,0,0,0,0,0,0,0,0,0
1404,1242,0,0,0,0,0,0,0,0,0,0,0
1405,1243,0,0,0,0,0,0,0,0,0,0,0
1406,1244,0,0,0,0,0,0,0,0,0,0,0
1407,1245,0,0,0,0,0,0,0,0,0,0,0
1408,1246,0,0,0,0,0,0,0,0,0,0,0
1409,1247,0,0,0,0,0,0,0,0,0,0,0
1410,1248,0,0,0,0,0,0,0,0,0,0,0
1411,1249,0,0,0,0,0,0,0,0,0,0,0
1412,1250,0,0,0,0,0,0,0,0,0,0,0
1413,1251,0,0,0,0,0,0,0,0,0,0,0
1414,1252,0,0,0,0,0,0,0,0,0,0,0
1415,1253,0,0,0,0,0,0,0,0,0,0,0
1416,1254,0,0,0,0,0,0,0,0,0,0,0
1417,1255,0,0,0,0,0,0,0,0,0,0,0
1418,1256,0,0,0,0,0,0,0,0,0,0,0
1419,1257,0,0,0,0,0,0,0,0,0,0,0
1420,1258,0,0,0,0,0,0,0,0,0,0,0
1421,1259,0,0,0,0,0,0,0,0,0,0,0
1422,1260,0,0,0,0,0,0,0,0,0,0,0
1423,1261,0,0,0,0,0,0,0,0,0,0,0
1424,1262,0,0,0,0,0,0,0,0,0,0,0
1425,1263,0,0,0,0,0,0,0,0,0,0,0
1426,1264,0,0,0,0,0,0,0,0,0,0,0
1427,1265,0,0,0,0,0,0,0,0,0,0,0
1428,1266,0,0,0,0,0,0,0,0,0,0,0
1429,1267,0,0,0,0,0,0,0,0,0,0,0
1430,1268,0,0,0,0,0,0,0,0,0,0,0
1431,1269,0,0,0,0,0,0,0,0,0,0,0
1432,1270,0,0,0,0,0,0,0,0,0,0,0
1433,1271,0,0,0,0,0,0,0,0,0,0,0
1434,1272,0,0,0,0,0,0,0,0,0,0,0
1435,1273,0,0,0,0,0,0,0,0,0,0,0
1436,1274,0,0,0,0,0,0,0,0,0,0,0
1437,1275,0,0,0,0,0,0,0,0,0,0,0
1438,1276,0,0,0,0,0,0,0,0,0,0,0
1439,1277,0,0,0,0,0,0,0,0,0,0,0
1440,1278,0,0,0,0,0,0,0,0,0,0,0
1441,1279,0,0,0,0,0,0,0,0,0,0,0
1442,1280,0,0,0,0,0,0,0,0,0,0,0
1443,1281,0,0,0,0,0,0,0,0,0,0,0
1444,1282,0,0,0,0,0,0,0,0,0,0,0
1445,1283,0,0,0,0,0,0,0,0,0,0,0
1446,1284,0,0,0,0,0,0,0,0,0,0,0
1447,1285,0,0,0,0,0,0,0,0,0,0,0
1448,1286,0,0,0,0,0,0,0,0,0,0,0
1449,1287,0,0,0,0,0,0,0,0,0,0,0
1450,1288,0,0,0,0,0,0,0,0,0,0,0
1451,1289,0,0,0,0,0,0,0,0,0,0,0
1452,1290,0,0,0,0,0,0,0,0,0,0,0
1453,1291,0,0,0,0,0,0,0,0,0,0,0
1454,1292,0,0,0,0,0,0,0,0,0,0,0
1455,1293,0,0,0,0,0,0,0,0,0,0,0
1456,1294,0,0,0,0,0,0,0,0,0,0,0
1457,1295,0,0,0,0,0,0,0,0,0,0,0
1458,1296,0,0,0,0,0,0,0,0,0,0,0
1459,1297,0,0,0,0,0,0,0,0,0,0,0
1460,1298,0,0,0,0,0,0,0,0,0,0,0
1461,1299,0,0,0,0,0,0,0,0,0,0,0
1462,1300,0,0,0,0,0,0,0,0,0,0,0
1463,1301,0,0,0,0,0,0,0,0,0,0,0
1464,1302,0,0,0,0,0,0,0,0,0,0,0
1465,1303,0,0,0,0,0,0,0,0,0,0,0
1466,1304,0,0,0,0,0,0,0,0,0,0,0
1467,1305,0,0,0,0,0,0,0,0,0,0,0
1468,1306,0,0,0,0,0,0,0,0,0,0,0
1469,1307,0,0,0,0,0,0,0,0,0,0,0
1470,1308,0,0,0,0,0,0,0,0,0,0,0
1471,1309,0,0,0,0,0,0,0,0,0,0,0
1472,1310,0,0,0,0,0,0,0,0,0,0,0
1473,1311,0,0,0,0,0,0,0,0,0,0,0
1474,1312,0,0,0,0,0,0,0,0,0,0,0
1475,1313,0,0,0,0,0,0,0,0,0,0,0
1476,1314,0,0,0,0,0,0,0,0,0,0,0
1477,1315,0,0,0,0,0,0,0,0,0,0,0
1478,1316,0,0,0,0,0,0,0,0,0,0,0
1479,1317,0,0,0,0,0,0,0,0,0,0,0
1480,1318,0,0,0,0,0,0,0,0,0,0,0
1481,1319,0,0,0,0,0,0,0,0,0,0,0
1482,1320,0,0,0,0,0,0,0,0,0,0,0
1483,1321,0,0,0,0,0,0,0,0,0,0,0
1484,1322,0,0,0,0,0,0,0,0,0,0,0
1485,1323,0,0,0,0,0,0,0,0,0,0,0
1486,1324,0,0,0,0,0,0,0,0,0,0,0
1487,1325,0,0,0,0,0,0,0,0,0,0,0
1488,1326,0,0,0,0,0,0,0,0,0,0,0
1489,1327,0,0,0,0,0,0,0,0,0,0,0
1490,1328,0,0,0,0,0,0,0,0,0,0,0
1491,1329,0,0,0,0,0,0,0,0,0,0,0
1492,1330,0,0,0,0,0,0,0,0,0,0,0
1493,1331,0,0,0,0,0,0,0,0,0,0,0
1494,1332,0,0,0,0,0,0,0,0,0,0,0
1495,1333,0,0,0,0,0,0,0,0,0,0,0
1496,1334,0,0,0,0,0,0,0,0,0,0,0
1497,1335,0,0,0,0,0,0,0,0,0,0,0
1498,1336,0,0,0,0,0,0,0,0,0,0,0
1499,1337,0,0,0,0,0,0,0,0,0,0,0
1500,1338,0,0,0,0,0,0,0,0,0,0,0
1501,1339,0,0,0,0,0,0,0,0,0,0,0
1502,1340,0,0,0,0,0,0,0,0,0,0,0
1503,1341,0,0,0,0,0,0,0,0,0,0,0
1504,1342,0,0,0,0,0,0,0,0,0,0,0
1505,1343,0,0,0,0,0,0,0,0,0,0,0
1506,1344,0,0,0,0,0,0,0,0,0,0,0
1507,1345,0,0,0,0,0,0,0,0,0,0,0
1508,1346,0,0,0,0,0,0,0,0,0,0,0
1509,1347,0,0,0,0,0,0,0,0,0,0,0
1510,1348,0,0,0,0,0,0,0,0,0,0,0
1511,1349,0,0,0,0,0,0,0,0,0,0,0
1512,1350,0,0,0,0,0,0,0,0,0,0,0
1513,1351,0,0,0,0,0,0,0,0,0,0,0
1514,1352,0,0,0,0,0,0,0,0,0,0,0
1515,1353,0,0,0,0,0,0,0,0,0,0,0
1516,1354,0,0,0,0,0,0,0,0,0,0,0
1517,1355,0,0,0,0,0,0,0,0,0,0,0
1518,1356,0,0,0,0,0,0,0,0,0,0,0
1519,1357,0,0,0,0,0,0,0,0,0,0,0
1520,1358,0,0,0,0,0,0,0,0,0,0,0
1521,1359,0,0,0,0,0,0,0,0,0,0,0
1522,1360,0,0,0,0,0,0,0,0,0,0,0
1523,1361,0,0,0,0,0,0,0,0,0,0,0
1524,1362,0,0,0,0,0,0,0,0,0,0,0
1525,1363,0,0,0,0,0,0,0,0,0,0,0
1526,1364,0,0,0,0,0,0,0,0,0,0,0
1527,1365,0,0,0,0,0,0,0,0,0,0,0
1528,1366,0,0,0,0,0,0,0,0,0,0,0
1529,1367,0,0,0,0,0,0,0,0,0,0,0
1530,1368,0,0,0,0,0,0,0,0,0,0,0
1531,1369,0,0,0,0,0,0,0,0,0,0,0
1532,1370,0,0,0,0,0,0,0,0,0,0,0
1533,1371,0,0,0,0,0,0,0,0,0,0,0
1534,1372,0,0,0,0,0,0,0,0,0,0,0
1535,1373,0,0,0,0,0,0,0,0,0,0,0
1536,1374,0,0,0,0,0,0,0,0,0,0,0
1537,1375,0,0,0,0,0,0,0,0,0,0,0
1538,1376,0,0,0,0,0,0,0,0,0,0,0
1539,1377,0,0,0,0,0,0,0,0,0,0,0
1540,1378,0,0,0,0,0,0,0,0,0,0,0
1541,1379,0,0,0,0,0,0,0,0,0,0,0
1542,1380,0,0,0,0,0,0,0,0,0,0,0
1543,1381,0,0,0,0,0,0,0,0,0,0,0
1544,1382,0,0,0,0,0,0,0,0,0,0,0
1545,1383,0,0,0,0,0,0,0,0,0,0,0
1546,1384,0,0,0,0,0,0,0,0,0,0,0
1547,1385,0,0,0,0,0,0,0,0,0,0,0
1548,1386,0,0,0,0,0,0,0,0,0,0,0
1549,1387,0,0,0,0,0,0,0,0,0,0,0
1550,1388,0,0,0,0,0,0,0,0,0,0,0
1551,1389,0,0,0,0,0,0,0,0,0,0,0
1552,1390,0,0,0,0,0,0,0,0,0,0,0
1553,1391,0,0,0,0,0,0,0,0,0,0,0
1554,1392,0,0,0,0,0,0,0,0,0,0,0
1555,1393,0,0,0,0,0,0,0,0,0,0,0
1556,1394,0,0,0,0,0,0,0,0,0,0,0
1557,1395,0,0,0,0,0,0,0,0,0,0,0
1558,1396,0,0,0,0,0,0,0,0,0,0,0
1559,1397,0,0,0,0,0,0,0,0,0,0,0
1560,1398,0,0,0,0,0,0,0,0,0,0,0
1561,1399,0,0,0,0,0,0,0,0,0,0,0
1562,1400,0,0,0,0,0,0,0,0,0,0,0
1563,1401,0,0,0,0,0,0,0,0,0,0,0
1564,1402,0,0,0,0,0,0,0,0,0,0,0
1565,1403,0,0,0,0,0,0,0,0,0,0,0
1566,1404,0,0,0,0,0,0,0,0,0,0,0
1567,1405,0,0,0,0,0,0,0,0,0,0,0
1568,1406,0,0,0,0,0,0,0,0,0,0,0
1569,1407,0,0,0,0,0,0,0,0,0,0,0
1570,1408,0,0,0,0,0,0,0,0,0,0,0
1571,1409,0,0,0,0,0,0,0,0,0,0,0
1572,1410,0,0,0,0,0,0,0,0,0,0,0
1573,1411,0,0,0,0,0,0,0,0,0,0,0
1574,1412,0,0,0,0,0,0,0,0,0,0,0
1575,1413,0,0,0,0,0,0,0,0,0,0,0
1576,1414,0,0,0,0,0,0,0,0,0,0,0
1577,1415,0,0,0,0,0,0,0,0,0,0,0
1578,1416,0,0,0,0,0,0,0,0,0,0,0
1579,1417,0,0,0,0,0,0,0,0,0,0,0
1580,1418,0,0,0,0,0,0,0,0,0,0,0
1581,1419,0,0,0,0,0,0,0,0,0,0,0
1582,1420,0,0,0,0,0,0,0,0,0,0,0
1583,1421,0,0,0,0,0,0,0,0,0,0,0
1584,1422,0,0,0,0,0,0,0,0,0,0,0
1585,1423,0,0,0,0,0,0,0,0,0,0,0
1586,1424,0,0,0,0,0,0,0,0,0,0,0
1587,1425,0,0,0,0,0,0,0,0,0,0,0
1588,1426,0,0,0,0,0,0,0,0,0,0,0
1589,1427,0,0,0,0,0,0,0,0,0,0,0
1590,1428,0,0,0,0,0,0,0,0,0,0,0
1591,1429,0,0,0,0,0,0,0,0,0,0,0
1592,1430,0,0,0,0,0,0,0,0,0,0,0
1593,1431,0,0,0,0,0,0,0,0,0,0,0
1594,1432,0,0,0,0,0,0,0,0,0,0,0
1595,1433,0,0,0,0,0,0,0,0,0,0,0
1596,1434,0,0,0,0,0,0,0,0,0,0,0
1597,1435,0,0,0,0,0,0,0,0,0,0,0
1598,1436,0,0,0,0,0,0,0,0,0,0,0
1599,1437,0,0,0,0,0,0,0,0,0,0,0
1600,1438,0,0,0,0,0,0,0,0,0,0,0
1601,1439,0,0,0,0,0,0,0,0,0,0,0
1602,1440,0,0,0,0,0,0,0,0,0,0,0
1603,1441,0,0,0,0,0,0,0,0,0,0,0
1604,1442,0,0,0,0,0,0,0,0,0,0,0
1605,1443,0,0,0,0,0,0,0,0,0,0,0
1606,1444,0,0,0,0,0,0,0,0,0,0,0
1607,1445,0,0,0,0,0,0,0,0,0,0,0
1608,1446,0,0,0,0,0,0,0,0,0,0,0
1609,1447,0,0,0,0,0,0,0,0,0,0,0
1610,1448,0,0,0,0,0,0,0,0,0,0,0
1611,1449,0,0,0,0,0,0,0,0,0,0,0
1612,1450,0,0,0,0,0,0,0,0,0,0,0
1613,1451,0,0,0,0,0,0,0,0,0,0,0
1614,1452,0,0,0,0,0,0,0,0,0,0,0
1615,1453,0,0,0,0,0,0,0,0,0,0,0
1616,1454,0,0,0,0,0,0,0,0,0,0,0
1617,1455,0,0,0,0,0,0,0,0,0,0,0
1618,1456,0,0,0,0,0,0,0,0,0,0,0
1619,1457,0,0,0,0,0,0,0,0,0,0,0
1620,1458,0,0,0,0,0,0,0,0,0,0,0
1621,1459,0,0,0,0,0,0,0,0,0,0,0
1622,1460,0,0,0,0,0,0,0,0,0,0,0
1623,1461,0,0,0,0,0,0,0,0,0,0,0
1624,1462,0,0,0,0,0,0,0,0,0,0,0
1625,1463,0,0,0,0,0,0,0,0,0,0,0
1626,1464,0,0,0,0,0,0,0,0,0,0,0
1627,1465,0,0,0,0,0,0,0,0,0,0,0
1628,1466,0,0,0,0,0,0,0,0,0,0,0
1629,1467,0,0,0,0,0,0,0,0,0,0,0
1630,1468,0,0,0,0,0,0,0,0,0,0,0
1631,1469,0,0,0,0,0,0,0,0,0,0,0
1632,1470,0,0,0,0,0,0,0,0,0,0,0
1633,1471,0,0,0,0,0,0,0,0,0,0,0
1634,1472,0,0,0,0,0,0,0,0,0,0,0
1635,1473,0,0,0,0,0,0,0,0,0,0,0
1636,1474,0,0,0,0,0,0,0,0,0,0,0
1637,1475,0,0,0,0,0,0,0,0,0,0,0
1638,1476,0,0,0,0,0,0,0,0,0,0,0
1639,1477,0,0,0,0,0,0,0,0,0,0,0
1640,1478,0,0,0,0,0,0,0,0,0,0,0
1641,1479,0,0,0,0,0,0,0,0,0,0,0
1642,1480,0,0,0,0,0,0,0,0,0,0,0
1643,1481,0,0,0,0,0,0,0,0,0,0,0
1644,1482,0,0,0,0,0,0,0,0,0,0,0
1645,1483,0,0,0,0,0,0,0,0,0,0,0
1646,1484,0,0,0,0,0,0,0,0,0,0,0
1647,1485,0,0,0,0,0,0,0,0,0,0,0
1648,1486,0,0,0,0,0,0,0,0,0,0,0
1649,1487,0,0,0,0,0,0,0,0,0,0,0
1650,1488,0,0,0,0,0,0,0,0,0,0,0
1651,1489,0,0,0,0,0,0,0,0,0,0,0
1652,1490,0,0,0,0,0,0,0,0,0,0,0
1653,1491,0,0,0,0,0,0,0,0,0,0,0
1654,1492,0,0,0,0,0,0,0,0,0,0,0
1655,1493,0,0,0,0,0,0,0,0,0,0,0
1656,1494,0,0,0,0,0,0,0,0,0,0,0
1657,1495,0,0,0,0,0,0,0,0,0,0,0
1658,1496,0,0,0,0,0,0,0,0,0,0,0
1659,1497,0,0,0,0,0,0,0,0,0,0,0
1660,1498,0,0,0,0,0,0,0,0,0,0,0
1661,1499,0,0,0,0,0,0,0,0,0,0,0
1662,1500,0,0,0,0,0,0,0,0,0,0,0
1663,1501,0,0,0,0,0,0,0,0,0,0,0
1664,1502,0,0,0,0,0,0,0,0,0,0,0
1665,1503,0,0,0,0,0,0,0,0,0,0,0
1666,1504,0,0,0,0,0,0,0,0,0,0,0
1667,1505,0,0,0,0,0,0,0,0,0,0,0
1668,1506,0,0,0,0,0,0,0,0,0,0,0
1669,1507,0,0,0,0,0,0,0,0,0,0,0
1670,1508,0,0,0,0,0,0,0,0,0,0,0
1671,1509,0,0,0,0,0,0,0,0,0,0,0
1672,1510,0,0,0,0,0,0,0,0,0,0,0
1673,1511,0,0,0,0,0,0,0,0,0,0,0
1674,1512,0,0,0,0,0,0,0,0,0,0,0
1675,1513,0,0,0,0,0,0,0,0,0,0,0
1676,1514,0,0,0,0,0,0,0,0,0,0,0
1677,1515,0,0,0,0,0,0,0,0,0,0,0
1678,1516,0,0,0,0,0,0,0,0,0,0,0
1679,1517,0,0,0,0,0,0,0,0,0,0,0
1680,1518,0,0,0,0,0,0,0,0,0,0,0
1681,1519,0,0,0,0,0,0,0,0,0,0,0
1682,1520,0,0,0,0,0,0,0,0,0,0,0
1683,1521,0,0,0,0,0,0,0,0,0,0,0
1684,1522,0,0,0,0,0,0,0,0,0,0,0
1685,1523,0,0,0,0,0,0,0,0,0,0,0
1686,1524,0,0,0,0,0,0,0,0,0,0,0
1687,1525,0,0,0,0,0,0,0,0,0,0,0
1688,1526,0,0,0,0,0,0,0,0,0,0,0
1689,1527,0,0,0,0,0,0,0,0,0,0,0
1690,1528,0,0,0,0,0,0,0,0,0,0,0
1691,1529,0,0,0,0,0,0,0,0,0,0,0
1692,1530,0,0,0,0,0,0,0,0,0,0,0
1693,1531,0,0,0,0,0,0,0,0,0,0,0
1694,1532,0,0,0,0,0,0,0,0,0,0,0
1695,1533,0,0,0,0,0,0,0,0,0,0,0
1696,1534,0,0,0,0,0,0,0,0,0,0,0
1697,1535,0,0,0,0,0,0,0,0,0,0,0
1698,1536,0,0,0,0,0,0,0,0,0,0,0
1699,1537,0,0,0,0,0,0,0,0,0,0,0
1700,1538,0,0,0,0,0,0,0,0,0,0,0
1701,1539,0,0,0,0,0,0,0,0,0,0,0
1702,1540,0,0,0,0,0,0,0,0,0,0,0
1703,1541,0,0,0,0,0,0,0,0,0,0,0
1704,1542,0,0,0,0,0,0,0,0,0,0,0
1705,1543,0,0,0,0,0,0,0,0,0,0,0
1706,1544,0,0,0,0,0,0,0,0,0,0,0
1707,1545,0,0,0,0,0,0,0,0,0,0,0
1708,1546,0,0,0,0,0,0,0,0,0,0,0
1709,1547,0,0,0,0,0,0,0,0,0,0,0
1710,1548,0,0,0,0,0,0,0,0,0,0,0
1711,1549,0,0,0,0,0,0,0,0,0,0,0
1712,1550,0,0,0,0,0,0,0,0,0,0,0
1713,1551,0,0,0,0,0,0,0,0,0,0,0
1714,1552,0,0,0,0,0,0,0,0,0,0,0
1715,1553,0,0,0,0,0,0,0,0,0,0,0
1716,1554,0,0,0,0,0,0,0,0,0,0,0
1717,1555,0,0,0,0,0,0,0,0,0,0,0
1718,1556,0,0,0,0,0,0,0,0,0,0,0
1719,1557,0,0,0,0,0,0,0,0,0,0,0
1720,1558,0,0,0,0,0,0,0,0,0,0,0
1721,1559,0,0,0,0,0,0,0,0,0,0,0
1722,1560,0,0,0,0,0,0,0,0,0,0,0
1723,1561,0,0,0,0,0,0,0,0,0,0,0
1724,1562,0,0,0,0,0,0,0,0,0,0,0
1725,1563,0,0,0,0,0,0,0,0,0,0,0
1726,1564,0,0,0,0,0,0,0,0,0,0,0
1727,1565,0,0,0,0,0,0,0,0,0,0,0
1728,1566,0,0,0,0,0,0,0,0,0,0,0
1729,1567,0,0,0,0,0,0,0,0,0,0,0
1730,1568,0,0,0,0,0,0,0,0,0,0,0
1731,1569,0,0,0,0,0,0,0,0,0,0,0
1732,1570,0,0,0,0,0,0,0,0,0,0,0
1733,1571,0,0,0,0,0,0,0,0,0,0,0
1734,1572,0,0,0,0,0,0,0,0,0,0,0
1735,1573,0,0,0,0,0,0,0,0,0,0,0
1736,1574,0,0,0,0,0,0,0,0,0,0,0
1737,1575,0,0,0,0,0,0,0,0,0,0,0
1738,1576,0,0,0,0,0,0,0,0,0,0,0
1739,1577,0,0,0,0,0,0,0,0,0,0,0
1740,1578,0,0,0,0,0,0,0,0,0,0,0
1741,1579,0,0,0,0,0,0,0,0,0,0,0
1742,1580,0,0,0,0,0,0,0,0,0,0,0
1743,1581,0,0,0,0,0,0,0,0,0,0,0
1744,1582,0,0,0,0,0,0,0,0,0,0,0
1745,1583,0,0,0,0,0,0,0,0,0,0,0
1746,1584,0,0,0,0,0,0,0,0,0,0,0
1747,1585,0,0,0,0,0,0,0,0,0,0,0
1748,1586,0,0,0,0,0,0,0,0,0,0,0
1749,1587,0,0,0,0,0,0,0,0,0,0,0
1750,1588,0,0,0,0,0,0,0,0,0,0,0
1751,1589,0,0,0,0,0,0,0,0,0,0,0
1752,1590,0,0,0,0,0,0,0,0,0,0,0
1753,1591,0,0,0,0,0,0,0,0,0,0,0
1754,1592,0,0,0,0,0,0,0,0,0,0,0
1755,1593,0,0,0,0,0,0,0,0,0,0,0
1756,1594,0,0,0,0,0,0,0,0,0,0,0
1757,1595,0,0,0,0,0,0,0,0,0,0,0
1758,1596,0,0,0,0,0,0,0,0,0,0,0
1759,1597,0,0,0,0,0,0,0,0,0,0,0
1760,1598,0,0,0,0,0,0,0,0,0,0,0
1761,1599,0,0,0,0,0,0,0,0,0,0,0
1762,1600,0,0,0,0,0,0,0,0,0,0,0
1763,1601,0,0,0,0,0,0,0,0,0,0,0
1764,1602,0,0,0,0,0,0,0,0,0,0,0
1765,1603,0,0,0,0,0,0,0,0,0,0,0
1766,1604,0,0,0,0,0,0,0,0,0,0,0
1767,1605,0,0,0,0,0,0,0,0,0,0,0
1768,1606,0,0,0,0,0,0,0,0,0,0,0
1769,1607,0,0,0,0,0,0,0,0,0,0,0
1770,1608,0,0,0,0,0,0,0,0,0,0,0
1771,1609,0,0,0,0,0,0,0,0,0,0,0
1772,1610,0,0,0,0,0,0,0,0,0,0,0
1773,1611,0,0,0,0,0,0,0,0,0,0,0
1774,1612,0,0,0,0,0,0,0,0,0,0,0
1775,1613,0,0,0,0,0,0,0,0,0,0,0
1776,1614,0,0,0,0,0,0,0,0,0,0,0
1777,1615,0,0,0,0,0,0,0,0,0,0,0
1778,1616,0,0,0,0,0,0,0,0,0,0,0
1779,1617,0,0,0,0,0,0,0,0,0,0,0
1780,1618,0,0,0,0,0,0,0,0,0,0,0
1781,1619,0,0,0,0,0,0,0,0,0,0,0
1782,1620,0,0,0,0,0,0,0,0,0,0,0
1783,1621,0,0,0,0,0,0,0,0,0,0,0
1784,1622,0,0,0,0,0,0,0,0,0,0,0
1785,1623,0,0,0,0,0,0,0,0,0,0,0
1786,1624,0,0,0,0,0,0,0,0,0,0,0
1787,1625,0,0,0,0,0,0,0,0,0,0,0
1788,1626,0,0,0,0,0,0,0,0,0,0,0
1789,1627,0,0,0,0,0,0,0,0,0,0,0
1790,1628,0,0,0,0,0,0,0,0,0,0,0
1791,1629,0,0,0,0,0,0,0,0,0,0,0
1792,1630,0,0,0,0,0,0,0,0,0,0,0
1793,1631,0,0,0,0,0,0,0,0,0,0,0
1794,1632,0,0,0,0,0,0,0,0,0,0,0
1795,1633,0,0,0,0,0,0,0,0,0,0,0
1796,1634,0,0,0,0,0,0,0,0,0,0,0
1797,1635,0,0,0,0,0,0,0,0,0,0,0
1798,1636,0,0,0,0,0,0,0,0,0,0,0
1799,1637,0,0,0,0,0,0,0,0,0,0,0
1800,1638,0,0,0,0,0,0,0,0,0,0,0
1801,1639,0,0,0,0,0,0,0,0,0,0,0
1802,1640,0,0,0,0,0,0,0,0,0,0,0
1803,1641,0,0,0,0,0,0,0,0,0,0,0
1804,1642,0,0,0,0,0,0,0,0,0,0,0
1805,1643,0,0,0,0,0,0,0,0,0,0,0
1806,1644,0,0,0,0,0,0,0,0,0,0,0
1807,1645,0,0,0,0,0,0,0,0,0,0,0
1808,1646,0,0,0,0,0,0,0,0,0,0,0
1809,1647,0,0,0,0,0,0,0,0,0,0,0
1810,1648,0,0,0,0,0,0,0,0,0,0,0
1811,1649,0,0,0,0,0,0,0,0,0,0,0
1812,1650,0,0,0,0,0,0,0,0,0,0,0
1813,1651,0,0,0,0,0,0,0,0,0,0,0
1814,1652,0,0,0,0,0,0,0,0,0,0,0
1815,1653,0,0,0,0,0,0,0,0,0,0,0
1816,1654,0,0,0,0,0,0,0,0,0,0,0
1817,1655,0,0,0,0,0,0,0,0,0,0,0
1818,1656,0,0,0,0,0,0,0,0,0,0,0
1819,1657,0,0,0,0,0,0,0,0,0,0,0
1820,1658,0,0,0,0,0,0,0,0,0,0,0
1821,1659,0,0,0,0,0,0,0,0,0,0,0
1822,1660,0,0,0,0,0,0,0,0,0,0,0
1823,1661,0,0,0,0,0,0,0,0,0,0,0
1824,1662,0,0,0,0,0,0,0,0,0,0,0
1825,1663,0,0,0,0,0,0,0,0,0,0,0
1826,1664,0,0,0,0,0,0,0,0,0,0,0
1827,1665,0,0,0,0,0,0,0,0,0,0,0
1828,1666,0,0,0,0,0,0,0,0,0,0,0
1829,1667,0,0,0,0,0,0,0,0,0,0,0
1830,1668,0,0,0,0,0,0,0,0,0,0,0
1831,1669,0,0,0,0,0,0,0,0,0,0,0
1832,1670,0,0,0,0,0,0,0,0,0,0,0
1833,1671,0,0,0,0,0,0,0,0,0,0,0
1834,1672,0,0,0,0,0,0,0,0,0,0,0
1835,1673,0,0,0,0,0,0,0,0,0,0,0
1836,1674,0,0,0,0,0,0,0,0,0,0,0
1837,1675,0,0,0,0,0,0,0,0,0,0,0
1838,1676,0,0,0,0,0,0,0,0,0,0,0
1839,1677,0,0,0,0,0,0,0,0,0,0,0
1840,1678,0,0,0,0,0,0,0,0,0,0,0
1841,1679,0,0,0,0,0,0,0,0,0,0,0
1842,1680,0,0,0,0,0,0,0,0,0,0,0
1843,1681,0,0,0,0,0,0,0,0,0,0,0
1844,1682,0,0,0,0,0,0,0,0,0,0,0
1845,1683,0,0,0,0,0,0,0,0,0,0,0
1846,1684,0,0,0,0,0,0,0,0,0,0,0
1847,1685,0,0,0,0,0,0,0,0,0,0,0
1848,1686,0,0,0,0,0,0,0,0,0,0,0
1849,1687,0,0,0,0,0,0,0,0,0,0,0
1850,1688,0,0,0,0,0,0,0,0,0,0,0
1851,1689,0,0,0,0,0,0,0,0,0,0,0
1852,1690,0,0,0,0,0,0,0,0,0,0,0
1853,1691,0,0,0,0,0,0,0,0,0,0,0
1854,1692,0,0,0,0,0,0,0,0,0,0,0
1855,1693,0,0,0,0,0,0,0,0,0,0,0
1856,1694,0,0,0,0,0,0,0,0,0,0,0
1857,1695,0,0,0,0,0,0,0,0,0,0,0
1858,1696,0,0,0,0,0,0,0,0,0,0,0
1859,1697,0,0,0,0,0,0,0,0,0,0,0
1860,1698,0,0,0,0,0,0,0,0,0,0,0
1861,1699,0,0,0,0,0,0,0,0,0,0,0
1862,1700,0,0,0,0,0,0,0,0,0,0,0
1863,1701,0,0,0,0,0,0,0,0,0,0,0
1864,1702,0,0,0,0,0,0,0,0,0,0,0
1865,1703,0,0,0,0,0,0,0,0,0,0,0
1866,1704,0,0,0,0,0,0,0,0,0,0,0
1867,1705,0,0,0,0,0,0,0,0,0,0,0
1868,1706,0,0,0,0,0,0,0,0,0,0,0
1869,1707,0,0,0,0,0,0,0,0,0,0,0
1870,1708,0,0,0,0,0,0,0,0,0,0,0
1871,1709,0,0,0,0,0,0,0,0,0,0,0
1872,1710,0,0,0,0,0,0,0,0,0,0,0
1873,1711,0,0,0,0,0,0,0,0,0,0,0
1874,1712,0,0,0,0,0,0,0,0,0,0,0
1875,1713,0,0,0,0,0,0,0,0,0,0,0
1876,1714,0,0,0,0,0,0,0,0,0,0,0
1877,1715,0,0,0,0,0,0,0,0,0,0,0
1878,1716,0,0,0,0,0,0,0,0,0,0,0
1879,1717,0,0,0,0,0,0,0,0,0,0,0
1880,1718,0,0,0,0,0,0,0,0,0,0,0
1881,1719,0,0,0,0,0,0,0,0,0,0,0
1882,1720,0,0,0,0,0,0,0,0,0,0,0
1883,1721,0,0,0,0,0,0,0,0,0,0,0
1884,1722,0,0,0,0,0,0,0,0,0,0,0
1885,1723,0,0,0,0,0,0,0,0,0,0,0
1886,1724,0,0,0,0,0,0,0,0,0,0,0
1887,1725,0,0,0,0,0,0,0,0,0,0,0
1888,1726,0,0,0,0,0,0,0,0,0,0,0
1889,1727,0,0,0,0,0,0,0,0,0,0,0
1890,1728,0,0,0,0,0,0,0,0,0,0,0
1891,1729,0,0,0,0,0,0,0,0,0,0,0
1892,1730,0,0,0,0,0,0,0,0,0,0,0
1893,1731,0,0,0,0,0,0,0,0,0,0,0
1894,1732,0,0,0,0,0,0,0,0,0,0,0
1895,1733,0,0,0,0,0,0,0,0,0,0,0
1896,1734,0,0,0,0,0,0,0,0,0,0,0
1897,1735,0,0,0,0,0,0,0,0,0,0,0
1898,1736,0,0,0,0,0,0,0,0,0,0,0
1899,1737,0,0,0,0,0,0,0,0,0,0,0
1900,1738,0,0,0,0,0,0,0,0,0,0,0
1901,1739,0,0,0,0,0,0,0,0,0,0,0
1902,1740,0,0,0,0,0,0,0,0,0,0,0
1903,1741,0,0,0,0,0,0,0,0,0,0,0
1904,1742,0,0,0,0,0,0,0,0,0,0,0
1905,1743,0,0,0,0,0,0,0,0,0,0,0
1906,1744,0,0,0,0,0,0,0,0,0,0,0
1907,1745,0,0,0,0,0,0,0,0,0,0,0
1908,1746,0,0,0,0,0,0,0,0,0,0,0
1909,1747,0,0,0,0,0,0,0,0,0,0,0
1910,1748,0,0,0,0,0,0,0,0,0,0,0
1911,1749,0,0,0,0,0,0,0,0,0,0,0
1912,1750,0,0,0,0,0,0,0,0,0,0,0
1913,1751,0,0,0,0,0,0,0,0,0,0,0
1914,1752,0,0,0,0,0,0,0,0,0,0,0
1915,1753,0,0,0,0,0,0,0,0,0,0,0
1916,1754,0,0,0,0,0,0,0,0,0,0,0
1917,1755,0,0,0,0,0,0,0,0,0,0,0
1918,1756,0,0,0,0,0,0,0,0,0,0,0
1919,1757,0,0,0,0,0,0,0,0,0,0,0
1920,1758,0,0,0,0,0,0,0,0,0,0,0
1921,1759,0,0,0,0,0,0,0,0,0,0,0
1922,1760,0,0,0,0,0,0,0,0,0,0,0
1923,1761,0,0,0,0,0,0,0,0,0,0,0
1924,1762,0,0,0,0,0,0,0,0,0,0,0
1925,1763,0,0,0,0,0,0,0,0,0,0,0
1926,1764,0,0,0,0,0,0,0,0,0,0,0
1927,1765,0,0,0,0,0,0,0,0,0,0,0
1928,1766,0,0,0,0,0,0,0,0,0,0,0
1929,1767,0,0,0,0,0,0,0,0,0,0,0
1930,1768,0,0,0,0,0,0,0,0,0,0,0
1931,1769,0,0,0,0,0,0,0,0,0,0,0
1932,1770,0,0,0,0,0,0,0,0,0,0,0
1933,1771,0,0,0,0,0,0,0,0,0,0,0
1934,1772,0,0,0,0,0,0,0,0,0,0,0
1935,1773,0,0,0,0,0,0,0,0,0,0,0
1936,1774,0,0,0,0,0,0,0,0,0,0,0
1937,1775,0,0,0,0,0,0,0,0,0,0,0
1938,1776,0,0,0,0,0,0,0,0,0,0,0
1939,1777,0,0,0,0,0,0,0,0,0,0,0
1940,1778,0,0,0,0,0,0,0,0,0,0,0
1941,1779,0,0,0,0,0,0,0,0,0,0,0
1942,1780,0,0,0,0,0,0,0,0,0,0,0
1943,1781,0,0,0,0,0,0,0,0,0,0,0
1944,1782,0,0,0,0,0,0,0,0,0,0,0
1945,1783,0,0,0,0,0,0,0,0,0,0,0
1946,1784,0,0,0,0,0,0,0,0,0,0,0
1947,1785,0,0,0,0,0,0,0,0,0,0,0
1948,1786,0,0,0,0,0,0,0,0,0,0,0
1949,1787,0,0,0,0,0,0,0,0,0,0,0
1950,1788,0,0,0,0,0,0,0,0,0,0,0
1951,1789,0,0,0,0,0,0,0,0,0,0,0
1952,1790,0,0,0,0,0,0,0,0,0,0,0
1953,1791,0,0,0,0,0,0,0,0,0,0,0
1954,1792,0,0,0,0,0,0,0,0,0,0,0
1955,1793,0,0,0,0,0,0,0,0,0,0,0
1956,1794,0,0,0,0,0,0,0,0,0,0,0
1957,1795,0,0,0,0,0,0,0,0,0,0,0
1958,1796,0,0,0,0,0,0,0,0,0,0,0
1959,1797,0,0,0,0,0,0,0,0,0,0,0
1960,1798,0,0,0,0,0,0,0,0,0,0,0
1961,1799,0,0,0,0,0,0,0,0,0,0,0
1962,1800,0,0,0,0,0,0,0,0,0,0,0
1963,1801,0,0,0,0,0,0,0,0,0,0,0
1964,1802,0,0,0,0,0,0,0,0,0,0,0
1965,1803,0,0,0,0,0,0,0,0,0,0,0
1966,1804,0,0,0,0,0,0,0,0,0,0,0
1967,1805,0,0,0,0,0,0,0,0,0,0,0
1968,1806,0,0,0,0,0,0,0,0,0,0,0
1969,1807,0,0,0,0,0,0,0,0,0,0,0
1970,1808,0,0,0,0,0,0,0,0,0,0,0
1971,1809,0,0,0,0,0,0,0,0,0,0,0
1972,1810,0,0,0,0,0,0,0,0,0,0,0
1973,1811,0,0,0,0,0,0,0,0,0,0,0
1974,1812,0,0,0,0,0,0,0,0,0,0,0
1975,1813,0,0,0,0,0,0,0,0,0,0,0
1976,1814,0,0,0,0,0,0,0,0,0,0,0
1977,1815,0,0,0,0,0,0,0,0,0,0,0
1978,1816,0,0,0,0,0,0,0,0,0,0,0
1979,1817,0,0,0,0,0,0,0,0,0,0,0
1980,1818,0,0,0,0,0,0,0,0,0,0,0
1981,1819,0,0,0,0,0,0,0,0,0,0,0
1982,1820,0,0,0,0,0,0,0,0,0,0,0
1983,1821,0,0,0,0,0,0,0,0,0,0,0
1984,1822,0,0,0,0,0,0,0,0,0,0,0
1985,1823,0,0,0,0,0,0,0,0,0,0,0
1986,1824,0,0,0,0,0,0,0,0,0,0,0
1987,1825,0,0,0,0,0,0,0,0,0,0,0
1988,1826,0,0,0,0,0,0,0,0,0,0,0
1989,1827,0,0,0,0,0,0,0,0,0,0,0
1990,1828,0,0,0,0,0,0,0,0,0,0,0
1991,1829,0,0,0,0,0,0,0,0,0,0,0
1992,1830,0,0,0,0,0,0,0,0,0,0,0
1993,1831,0,0,0,0,0,0,0,0,0,0,0
1994,1832,0,0,0,0,0,0,0,0,0,0,0
1995,1833,0,0,0,0,0,0,0,0,0,0,0
1996,1834,0,0,0,0,0,0,0,0,0,0,0
1997,1835,0,0,0,0,0,0,0,0,0,0,0
1998,1836,0,0,0,0,0,0,0,0,0,0,0
1999,1837,0,0,0,0,0,0,0,0,0,0,0
2000,1838,0,0,0,0,0,0,0,0,0,0,0
2001,1839,0,0,0,0,0,0,0,0,0,0,0
2002,1840,0,0,0,0,0,0,0,0,0,0,0
2003,1841,0,0,0,0,0,0,0,0,0,0,0
2004,1842,0,0,0,0,0,0,0,0,0,0,0
2005,1843,0,0,0,0,0,0,0,0,0,0,0
2006,1844,0,0,0,0,0,0,0,0,0,0,0
2007,1845,0,0,0,0,0,0,0,0,0,0,0
2008,1846,0,0,0,0,0,0,0,0,0,0,0
2009,1847,0,0,0,0,0,0,0,0,0,0,0
2010,1848,0,0,0,0,0,0,0,0,0,0,0
2011,1849,0,0,0,0,0,0,0,0,0,0,0
2012,1850,0,0,0,0,0,0,0,0,0,0,0
2013,1851,0,0,0,0,0,0,0,0,0,0,0
2014,1852,0,0,0,0,0,0,0,0,0,0,0
2015,1853,0,0,0,0,0,0,0,0,0,0,0
2016,1854,0,0,0,0,0,0,0,0,0,0,0
2017,1855,0,0,0,0,0,0,0,0,0,0,0
2018,1856,0,0,0,0,0,0,0,0,0,0,0
2019,1857,0,0,0,0,0,0,0,0,0,0,0
2020,1858,0,0,0,0,0,0,0,0,0,0,0
2021,1859,0,0,0,0,0,0,0,0,0,0,0
2022,1860,0,0,0,0,0,0,0,0,0,0,0
2023,1861,0,0,0,0,0,0,0,0,0,0,0
2024,1862,0,0,0,0,0,0,0,0,0,0,0
2025,1863,0,0,0,0,0,0,0,0,0,0,0
2026,1864,0,0,0,0,0,0,0,0,0,0,0
2027,1865,0,0,0,0,0,0,0,0,0,0,0
2028,1866,0,0,0,0,0,0,0,0,0,0,0
2029,1867,0,0,0,0,0,0,0,0,0,0,0
2030,1868,0,0,0,0,0,0,0,0,0,0,0
2031,1869,0,0,0,0,0,0,0,0,0,0,0
2032,1870,0,0,0,0,0,0,0,0,0,0,0
2033,1871,0,0,0,0,0,0,0,0,0,0,0
2034,1872,0,0,0,0,0,0,0,0,0,0,0
2035,1873,0,0,0,0,0,0,0,0,0,0,0
2036,1874,0,0,0,0,0,0,0,0,0,0,0
2037,1875,0,0,0,0,0,0,0,0,0,0,0
2038,1876,0,0,0,0,0,0,0,0,0,0,0
2039,1877,0,0,0,0,0,0,0,0,0,0,0
2040,1878,0,0,0,0,0,0,0,0,0,0,0
2041,1879,0,0,0,0,0,0,0,0,0,0,0
2042,1880,0,0,0,0,0,0,0,0,0,0,0
2043,1881,0,0,0,0,0,0,0,0,0,0,0
2044,1882,0,0,0,0,0,0,0,0,0,0,0
2045,1883,0,0,0,0,0,0,0,0,0,0,0
2046,1884,0,0,0,0,0,0,0,0,0,0,0
2047,1885,0,0,0,0,0,0,0,0,0,0,0
2048,1886,0,0,0,0,0,0,0,0,0,0,0
2049,1887,0,0,0,0,0,0,0,0,0,0,0
2050,1888,0,0,0,0,0,0,0,0,0,0,0
2051,1889,0,0,0,0,0,0,0,0,0,0,0
2052,1890,0,0,0,0,0,0,0,0,0,0,0
2053,1891,0,0,0,0,0,0,0,0,0,0,0
2054,1892,0,0,0,0,0,0,0,0,0,0,0
2055,1893,0,0,0,0,0,0,0,0,0,0,0
2056,1894,0,0,0,0,0,0,0,0,0,0,0
2057,1895,0,0,0,0,0,0,0,0,0,0,0
2058,1896,0,0,0,0,0,0,0,0,0,0,0
2059,1897,0,0,0,0,0,0,0,0,0,0,0
2060,1898,0,0,0,0,0,0,0,0,0,0,0
2061,1899,0,0,0,0,0,0,0,0,0,0,0
2062,1900,0,0,0,0,0,0,0,0,0,0,0
2063,1901,0,0,0,0,0,0,0,0,0,0,0
2064,1902,0,0,0,0,0,0,0,0,0,0,0
2065,1903,0,0,0,0,0,0,0,0,0,0,0
2066,1904,0,0,0,0,0,0,0,0,0,0,0
2067,1905,0,0,0,0,0,0,0,0,0,0,0
2068,1906,0,0,0,0,0,0,0,0,0,0,0
2069,1907,0,0,0,0,0,0,0,0,0,0,0
2070,1908,0,0,0,0,0,0,0,0,0,0,0
2071,1909,0,0,0,0,0,0,0,0,0,0,0
2072,1910,0,0,0,0,0,0,0,0,0,0,0
2073,1911,0,0,0,0,0,0,0,0,0,0,0
2074,1912,0,0,0,0,0,0,0,0,0,0,0
2075,1913,0,0,0,0,0,0,0,0,0,0,0
2076,1914,0,0,0,0,0,0,0,0,0,0,0
2077,1915,0,0,0,0,0,0,0,0,0,0,0
2078,1916,0,0,0,0,0,0,0,0,0,0,0
2079,1917,0,0,0,0,0,0,0,0,0,0,0
2080,1918,0,0,0,0,0,0,0,0,0,0,0
2081,1919,0,0,0,0,0,0,0,0,0,0,0
2082,1920,0,0,0,0,0,0,0,0,0,0,0
2083,1921,0,0,0,0,0,0,0,0,0,0,0
2084,1922,0,0,0,0,0,0,0,0,0,0,0
2085,1923,0,0,0,0,0,0,0,0,0,0,0
2086,1924,0,0,0,0,0,0,0,0,0,0,0
2087,1925,0,0,0,0,0,0,0,0,0,0,0
2088,1926,0,0,0,0,0,0,0,0,0,0,0
2089,1927,0,0,0,0,0,0,0,0,0,0,0
2090,1928,0,0,0,0,0,0,0,0,0,0,0
2091,1929,0,0,0,0,0,0,0,0,0,0,0
2092,1930,0,0,0,0,0,0,0,0,0,0,0
2093,1931,0,0,0,0,0,0,0,0,0,0,0
2094,1932,0,0,0,0,0,0,0,0,0,0,0
2095,1933,0,0,0,0,0,0,0,0,0,0,0
2096,1934,0,0,0,0,0,0,0,0,0,0,0
2097,1935,0,0,0,0,0,0,0,0,0,0,0
2098,1936,0,0,0,0,0,0,0,0,0,0,0
2099,1937,0,0,0,0,0,0,0,0,0,0,0
2100,1938,0,0,0,0,0,0,0,0,0,0,0
2101,1939,0,0,0,0,0,0,0,0,0,0,0
2102,1940,0,0,0,0,0,0,0,0,0,0,0
2103,1941,0,0,0,0,0,0,0,0,0,0,0
2104,1942,0,0,0,0,0,0,0,0,0,0,0
2105,1943,0,0,0,0,0,0,0,0,0,0,0
2106,1944,0,0,0,0,0,0,0,0,0,0,0
2107,1945,0,0,0,0,0,0,0,0,0,0,0
2108,1946,0,0,0,0,0,0,0,0,0,0,0
2109,1947,0,0,0,0,0,0,0,0,0,0,0
2110,1948,0,0,0,0,0,0,0,0,0,0,0
2111,1949,0,0,0,0,0,0,0,0,0,0,0
2112,1950,0,0,0,0,0,0,0,0,0,0,0
2113,1951,0,0,0,0,0,0,0,0,0,0,0
2114,1952,0,0,0,0,0,0,0,0,0,0,0
2115,1953,0,0,0,0,0,0,0,0,0,0,0
2116,1954,0,0,0,0,0,0,0,0,0,0,0
2117,1955,0,0,0,0,0,0,0,0,0,0,0
2118,1956,0,0,0,0,0,0,0,0,0,0,0
2119,1957,0,0,0,0,0,0,0,0,0,0,0
2120,1958,0,0,0,0,0,0,0,0,0,0,0
2121,1959,0,0,0,0,0,0,0,0,0,0,0
2122,1960,0,0,0,0,0,0,0,0,0,0,0
2123,1961,0,0,0,0,0,0,0,0,0,0,0
2124,1962,0,0,0,0,0,0,0,0,0,0,0
2125,1963,0,0,0,0,0,0,0,0,0,0,0
2126,1964,0,0,0,0,0,0,0,0,0,0,0
2127,1965,0,0,0,0,0,0,0,0,0,0,0
2128,1966,0,0,0,0,0,0,0,0,0,0,0
2129,1967,0,0,0,0,0,0,0,0,0,0,0
2130,1968,0,0,0,0,0,0,0,0,0,0,0
2131,1969,0,0,0,0,0,0,0,0,0,0,0
2132,1970,0,0,0,0,0,0,0,0,0,0,0
2133,1971,0,0,0,0,0,0,0,0,0,0,0
2134,1972,0,0,0,0,0,0,0,0,0,0,0
2135,1973,0,0,0,0,0,0,0,0,0,0,0
2136,1974,0,0,0,0,0,0,0,0,0,0,0
2137,1975,0,0,0,0,0,0,0,0,0,0,0
2138,1976,0,0,0,0,0,0,0,0,0,0,0
2139,1977,0,0,0,0,0,0,0,0,0,0,0
2140,1978,0,0,0,0,0,0,0,0,0,0,0
2141,1979,0,0,0,0,0,0,0,0,0,0,0
2142,1980,0,0,0,0,0,0,0,0,0,0,0
2143,1981,0,0,0,0,0,0,0,0,0,0,0
2144,1982,0,0,0,0,0,0,0,0,0,0,0
2145,1983,0,0,0,0,0,0,0,0,0,0,0
2146,1984,0,0,0,0,0,0,0,0,0,0,0
2147,1985,0,0,0,0,0,0,0,0,0,0,0
2148,1986,0,0,0,0,0,0,0,0,0,0,0
2149,1987,0,0,0,0,0,0,0,0,0,0,0
2150,1988,0,0,0,0,0,0,0,0,0,0,0
2151,1989,0,0,0,0,0,0,0,0,0,0,0
2152,1990,0,0,0,0,0,0,0,0,0,0,0
2153,1991,0,0,0,0,0,0,0,0,0,0,0
2154,1992,0,0,0,0,0,0,0,0,0,0,0
2155,1993,0,0,0,0,0,0,0,0,0,0,0
2156,1994,0,0,0,0,0,0,0,0,0,0,0
2157,1995,0,0,0,0,0,0,0,0,0,0,0
2158,1996,0,0,0,0,0,0,0,0,0,0,0
2159,1997,0,0,0,0,0,0,0,0,0,0,0
2160,1998,0,0,0,0,0,0,0,0,0,0,0
2161,1999,0,0,0,0,0,0,0,0,0,0,0
2162,2000,0,0,0,0,0,0,0,0,0,0,0
2163,2001,0,0,0,0,0,0,0,0,0,0,0
2164,2002,0,0,0,0,0,0,0,0,0,0,0
2165,2003,0,0,0,0,0,0,0,0,0,0,0
2166,2004,0,0,0,0,0,0,0,0,0,0,0
2167,2005,0,0,0,0,0,0,0,0,0,0,0
2168,2006,0,0,0,0,0,0,0,0,0,0,0
2169,2007,0,0,0,0,0,0,0,0,0,0,0
2170,2008,0,0,0,0,0,0,0,0,0,0,0
2171,2009,0,0,0,0,0,0,0,0,0,0,0
2172,2010,0,0,0,0,0,0,0,0,0,0,0
2173,2011,0,0,0,0,0,0,0,0,0,0,0
2174,2012,0,0,0,0,0,0,0,0,0,0,0
2175,2013,0,0,0,0,0,0,0,0,0,0,0
2176,2014,0,0,0,0,0,0,0,0,0,0,0
2177,2015,0,0,0,0,0,0,0,0,0,0,0
2178,2016,0,0,0,0,0,0,0,0,0,0,0
2179,2017,0,0,0,0,0,0,0,0,0,0,0
2180,2018,0,0,0,0,0,0,0,0,0,0,0
2181,2019,0,0,0,0,0,0,0,0,0,0,0
2182,2020,0,0,0,0,0,0,0,0,0,0,0
2183,2021,0,0,0,0,0,0,0,0,0,0,0
2184,2022,0,0,0,0,0,0,0,0,0,0,0
2185,2023,0,0,0,0,0,0,0,0,0,0,0
2186,2024,0,0,0,0,0,0,0,0,0,0,0
2187,2025,0,0,0,0,0,0,0,0,0,0,0
2188,2026,0,0,0,0,0,0,0,0,0,0,0
2189,2027,0,0,0,0,0,0,0,0,0,0,0
2190,2028,0,0,0,0,0,0,0,0,0,0,0
2191,2029,0,0,0,0,0,0,0,0,0,0,0
2192,2030,0,0,0,0,0,0,0,0,0,0,0
2193,2031,0,0,0,0,0,0,0,0,0,0,0
2194,2032,0,0,0,0,0,0,0,0,0,0,0
2195,2033,0,0,0,0,0,0,0,0,0,0,0
2196,2034,0,0,0,0,0,0,0,0,0,0,0
2197,2035,0,0,0,0,0,0,0,0,0,0,0
2198,2036,0,0,0,0,0,0,0,0,0,0,0
2199,2037,0,0,0,0,0,0,0,0,0,0,0
2200,2038,0,0,0,0,0,0,0,0,0,0,0
2201,2039,0,0,0,0,0,0,0,0,0,0,0
2202,2040,0,0,0,0,0,0,0,0,0,0,0
2203,2041,0,0,0,0,0,0,0,0,0,0,0
2204,2042,0,0,0,0,0,0,0,0,0,0,0
2205,2043,0,0,0,0,0,0,0,0,0,0,0
2206,2044,0,0,0,0,0,0,0,0,0,0,0
2207,2045,0,0,0,0,0,0,0,0,0,0,0
2208,2046,0,0,0,0,0,0,0,0,0,0,0
2209,2047,0,0,0,0,0,0,0,0,0,0,0
2210,2048,0,0,0,0,0,0,0,0,0,0,0
2211,2049,0,0,0,0,0,0,0,0,0,0,0
2212,2050,0,0,0,0,0,0,0,0,0,0,0
2213,2051,0,0,0,0,0,0,0,0,0,0,0
2214,2052,0,0,0,0,0,0,0,0,0,0,0
2215,2053,0,0,0,0,0,0,0,0,0,0,0
2216,2054,0,0,0,0,0,0,0,0,0,0,0
2217,2055,0,0,0,0,0,0,0,0,0,0,0
2218,2056,0,0,0,0,0,0,0,0,0,0,0
2219,2056,0,0,0,0,0,0,0,0,0,0,0
2220,2057,0,0,0,0,0,0,0,0,0,0,0
2221,2058,0,0,0,0,0,0,0,0,0,0,0
2222,2059,0,0,0,0,0,0,0,0,0,0,0
2223,2061,0,0,0,0,0,0,0,0,0,0,0
2224,2061,0,0,0,0,0,0,0,0,0,0,0
2225,2063,0,0,0,0,0,0,0,0,0,0,0
2226,2064,0,0,0,0,0,0,0,0,0,0,0
2227,2065,0,0,0,0,0,0,0,0,0,0,0
2228,2066,0,0,0,0,0,0,0,0,0,0,0
2229,2067,0,0,0,0,0,0,0,0,0,0,0
2230,2068,0,0,0,0,0,0,0,0,0,0,0
2231,2069,0,0,0,0,0,0,0,0,0,0,0
2232,2070,0,0,0,0,0,0,0,0,0,0,0
2233,2071,0,0,0,0,0,0,0,0,0,0,0
2234,2072,0,0,0,0,0,0,0,0,0,0,0
2235,2073,0,0,0,0,0,0,0,0,0,0,0
2236,2074,0,0,0,0,0,0,0,0,0,0,0
2237,2075,0,0,0,0,0,0,0,0,0,0,0
2238,2076,0,0,0,0,0,0,0,0,0,0,0
2239,2076,0,0,0,0,0,0,0,0,0,0,0
2240,2078,0,0,0,0,0,0,0,0,0,0,0
2241,2079,0,0,0,0,0,0,0,0,0,0,0
2242,2080,0,0,0,0,0,0,0,0,0,0,0
2243,2081,0,0,0,0,0,0,0,0,0,0,0
2244,2082,0,0,0,0,0,0,0,0,0,0,0
2245,2083,0,0,0,0,0,0,0,0,0,0,0
2246,2084,0,0,0,0,0,0,0,0,0,0,0
2247,2085,0,0,0,0,0,0,0,0,0,0,0
2248,2086,0,0,0,0,0,0,0,0,0,0,0
2249,2087,0,0,0,0,0,0,0,0,0,0,0
2250,2088,0,0,0,0,0,0,0,0,0,0,0
2251,2089,0,0,0,0,0,0,0,0,0,0,0
2252,2090,0,0,0,0,0,0,0,0,0,0,0
2253,2091,0,0,0,0,0,0,0,0,0,0,0
2254,2092,0,0,0,0,0,0,0,0,0,0,0
2255,2093,0,0,0,0,0,0,0,0,0,0,0
2256,2094,0,0,0,0,0,0,0,0,0,0,0
2257,2095,0,0,0,0,0,0,0,0,0,0,0
2258,2096,0,0,0,0,0,0,0,0,0,0,0
2259,2097,0,0,0,0,0,0,0,0,0,0,0
2260,2098,0,0,0,0,0,0,0,0,0,0,0
2261,2099,0,0,0,0,0,0,0,0,0,0,0
2262,2100,0,0,0,0,0,0,0,0,0,0,0
2263,2101,0,0,0,0,0,0,0,0,0,0,0
2264,2102,0,0,0,0,0,0,0,0,0,0,0
2265,2103,0,0,0,0,0,0,0,0,0,0,0
2266,2104,0,0,0,0,0,0,0,0,0,0,0
2267,2105,0,0,0,0,0,0,0,0,0,0,0
2268,2106,0,0,0,0,0,0,0,0,0,0,0
2269,2107,0,0,0,0,0,0,0,0,0,0,0
2270,2108,0,0,0,0,0,0,0,0,0,0,0
2271,2109,0,0,0,0,0,0,0,0,0,0,0
2272,2110,0,0,0,0,0,0,0,0,0,0,0
2273,2111,0,0,0,0,0,0,0,0,0,0,0
2274,2112,0,0,0,0,0,0,0,0,0,0,0
2275,2113,0,0,0,0,0,0,0,0,0,0,0
2276,2114,0,0,0,0,0,0,0,0,0,0,0
2277,2115,0,0,0,0,0,0,0,0,0,0,0
2278,2116,0,0,0,0,0,0,0,0,0,0,0
2279,2117,0,0,0,0,0,0,0,0,0,0,0
2280,2118,0,0,0,0,0,0,0,0,0,0,0
2281,2119,0,0,0,0,0,0,0,0,0,0,0
2282,2120,0,0,0,0,0,0,0,0,0,0,0
2283,2121,0,0,0,0,0,0,0,0,0,0,0
2284,2122,0,0,0,0,0,0,0,0,0,0,0
2285,2122,0,0,0,0,0,0,0,0,0,0,0
2286,2123,0,0,0,0,0,0,0,0,0,0,0
2287,2123,1,0,0,0,0,0,0,0,0,21,0
2288,2124,1,0,0,0,0,0,0,0,0,21,0
2289,2125,2,0,3274000060,0,3275352606,0,62805,0,0,21,0
2290,2126,3,0,3273999337,0,3275351533,0,62804,0,0,21,0
2291,2127,4,0,3273998139,0,3275349755,0,62802,0,0,21,0
2292,2128,5,0,3273996471,0,3275347279,0,62799,0,0,21,0
2293,2129,6,0,3273994340,0,3275344114,0,62795,0,0,21,0
2294,2130,7,0,3273991751,0,3275340270,0,62791,0,0,21,0
2295,2131,8,0,3273988707,0,3275335751,0,62785,0,0,21,0
2296,2132,9,0,3273985216,0,3275330569,0,62779,0,0,21,0
2297,2133,10,0,3273981284,0,3275324729,0,62772,0,0,21,0
2298,2134,11,0,3273976914,0,3275318241,0,62764,0,0,21,0
2299,2135,12,0,3273972113,0,3275311114,0,62756,0,0,21,0
2300,2136,13,0,3273966886,0,3275303353,0,62746,0,0,21,0
2301,2137,14,0,3273961240,0,3275294969,0,62736,0,0,21,0
2302,2138,15,0,3273955178,0,3275285969,0,62726,0,0,21,0
2303,2139,16,0,3273948706,0,3275276362,0,62714,0,0,21,0
2304,2140,17,0,3273941831,0,3275266155,0,62702,0,0,21,0
2305,2141,18,0,3273934559,0,3275255356,0,62689,0,0,21,0
2306,2142,19,0,3273926893,0,3275243975,0,62676,0,0,21,0
2307,2143,20,0,3273918839,0,3275232017,0,62662,0,0,21,0
2308,2144,21,0,3273910404,0,3275219494,0,62647,0,0,21,0
2309,2145,22,0,3273901592,0,3275206411,0,62631,0,0,21,0
2310,2146,23,0,3273892409,0,3275192778,0,62615,0,0,21,0
2311,2147,24,0,3273882861,0,3275178602,0,62598,0,0,21,0
2312,2148,25,0,3273872953,0,3275163892,0,62581,0,0,21,0
2313,2149,26,0,3273862691,0,3275148655,0,62563,0,0,21,0
2314,2150,27,0,3273852079,0,3275132900,0,62544,0,0,21,0
2315,2151,28,0,3273841123,0,3275116635,0,62525,0,0,21,0
2316,2152,29,0,3273829830,0,3275099869,0,62506,0,0,21,0
2317,2153,30,0,3273818205,0,3275082609,0,62485,0,0,21,0
2318,2154,31,0,3273806252,0,3275064862,0,62464,0,0,21,0
2319,2155,32,0,3273793977,0,3275046639,0,62443,0,0,21,0
2320,2156,33,0,3273781386,0,3275027946,0,62421,0,0,21,0
2321,2157,34,0,3273768484,0,3275008792,0,62399,0,0,21,0
2322,2158,35,0,3273755278,0,3274989184,0,62376,0,0,21,0
2323,2159,36,0,3273741772,0,3274969133,0,62352,0,0,21,0
2324,2160,37,0,3273727971,0,3274948644,0,62329,0,0,21,0
2325,2161,38,0,3273713882,0,3274927727,0,62304,0,0,21,0
2326,2162,39,0,3273699509,0,3274906388,0,62279,0,0,21,0
2327,2163,40,0,3273684859,0,3274884639,0,62254,0,0,21,0
2328,2164,41,0,3273669936,0,3274862484,0,62228,0,0,21,0
2329,2165,42,0,3273654747,0,3274839933,0,62202,0,0,21,0
2330,2166,43,0,3273639296,0,3274816995,0,62176,0,0,21,0
2331,2167,44,0,3273623589,0,3274793676,0,62149,0,0,21,0
2332,2168,45,0,3273607632,0,3274769987,0,62122,0,0,21,0
2333,2169,46,0,3273591430,0,3274745933,0,62094,0,0,21,0
2334,2170,47,0,3273574988,0,3274721524,0,62066,0,0,21,0
2335,2171,48,0,3273558312,0,3274696768,0,62037,0,0,21,0
2336,2172,49,0,3273541408,0,3274671672,0,62008,0,0,21,0
2337,2173,50,0,3273524281,0,3274646246,0,61979,0,0,21,0
2338,2174,51,0,3273506938,0,3274620497,0,61950,0,0,21,0
2339,2175,52,0,3273489381,0,3274594433,0,61920,0,0,21,0
2340,2176,53,0,3273471618,0,3274568063,0,61890,0,0,21,0
2341,2177,54,0,3273453654,0,3274541394,0,61860,0,0,21,0
2342,2178,55,0,3273435494,0,3274514435,0,61829,0,0,21,0
2343,2179,56,0,3273417144,0,3274487194,0,61798,0,0,21,0
2344,2180,57,0,3273398610,0,3274459678,0,61767,0,0,21,0
2345,2181,58,0,3273379896,0,3274431897,0,61735,0,0,21,0
2346,2182,59,0,3273361009,0,3274403858,0,61704,0,0,21,0
2347,2183,60,0,3273341954,0,3274375570,0,61672,0,0,21,0
2348,2184,61,0,3273322736,0,3274347040,0,61640,0,0,21,0
2349,2185,62,0,3273303360,0,3274318277,0,61607,0,0,21,0
2350,2186,63,0,3273283833,0,3274289288,0,61575,0,0,21,0
2351,2187,64,0,3273264159,0,3274260082,0,61542,0,0,21,0
2352,2188,65,0,3273244346,0,3274230668,0,61509,0,0,21,0
2353,2189,66,0,3273224396,0,3274201054,0,61476,0,0,21,0
2354,2190,67,0,3273204317,0,3274171246,0,61443,0,0,21,0
2355,2191,68,0,3273184113,0,3274141253,0,61409,0,0,21,0
2356,2192,69,0,3273163790,0,3274111085,0,61376,0,0,21,0
2357,2193,70,0,3273143354,0,3274080748,0,61342,0,0,21,0
2358,2194,71,0,3273122810,0,3274050251,0,61309,0,0,21,0
2359,2195,72,0,3273102164,0,3274019601,0,61275,0,0,21,0
2360,2196,73,0,3273081420,0,3273988809,0,61241,0,0,21,0
2361,2197,74,0,3273060585,0,3273957881,0,61207,0,0,21,0
2362,2198,75,0,3273039664,0,3273926825,0,61173,0,0,21,0
2363,2199,76,0,3273018664,0,3273895650,0,61139,0,0,21,0
2364,2200,77,0,3272997587,0,3273864363,0,61105,0,0,21,0
2365,2201,78,0,3272976441,0,3273832974,0,61071,0,0,21,0
2366,2202,79,0,3272955231,0,3273801489,0,61037,0,0,21,0
2367,2203,80,0,3272933962,0,3273769918,0,61003,0,0,21,0
2368,2204,81,0,3272912641,0,3273738268,0,60968,0,0,21,0
2369,2205,82,0,3272891271,0,3273706547,0,60934,0,0,21,0
2370,2206,83,0,3272869860,0,3273674764,0,60900,0,0,21,0
2371,2207,84,0,3272848411,0,3273642927,0,60866,0,0,21,0
2372,2208,85,0,3272826932,0,3273611043,0,60832,0,0,21,0
2373,2209,86,0,3272805427,0,3273579123,0,60798,0,0,21,0
2374,2210,87,0,3272783901,0,3273547171,0,60764,0,0,21,0
2375,2211,88,0,3272762361,0,3273515197,0,60730,0,0,21,0
2376,2212,89,0,3272740812,0,3273483211,0,60697,0,0,21,0
2377,2213,90,0,3272719258,0,3273451219,0,60663,0,0,21,0
2378,2214,91,0,3272697707,0,3273419229,0,60630,0,0,21,0
2379,2215,92,0,3272676163,0,3273387250,0,60596,0,0,21,0
2380,2216,93,0,3272654631,0,3273355290,0,60563,0,0,21,0
2381,2217,94,0,3272633117,0,3273323358,0,60530,0,0,21,0
2382,2218,95,0,3272611627,0,3273291461,0,60497,0,0,21,0
2383,2219,96,0,3272590166,0,3273259607,0,60464,0,0,21,0
2384,2220,97,0,3272568740,0,3273227804,0,60432,0,0,21,0
2385,2221,98,0,3272547354,0,3273196062,0,60399,0,0,21,0
2386,2222,99,0,3272526012,0,3273164387,0,60367,0,0,21,0
2387,2223,100,0,3272504723,0,3273132787,0,60335,0,0,21,0
2388,2224,101,0,3272483489,0,3273101273,0,60304,0,0,21,0
2389,2225,102,0,3272462317,0,3273069851,0,60272,0,0,21,0
2390,2226,103,0,3272441213,0,3273038528,0,60241,0,0,21,0
2391,2227,104,0,3272420182,0,3273007314,0,60210,0,0,21,0
2392,2228,105,0,3272399230,0,3272976216,0,60179,0,0,21,0
2393,2229,106,0,3272378361,0,3272945243,0,60149,0,0,21,0
2394,2230,107,0,3272357582,0,3272914404,0,60119,0,0,21,0
2395,2231,108,0,3272336896,0,3272883706,0,60089,0,0,21,0
2396,2232,109,0,3272316312,0,3272853156,0,60059,0,0,21,0
2397,2233,110,0,3272295833,0,3272822763,0,60030,0,0,21,0
2398,2234,111,0,3272275467,0,3272792537,0,60001,0,0,21,0
2399,2235,112,0,3272255216,0,3272762484,0,59973,0,0,21,0
2400,2236,113,0,3272235088,0,3272732612,0,59945,0,0,21,0
2401,2237,114,0,3272215086,0,3272702931,0,59917,0,0,21,0
2402,2238,115,0,3272195220,0,3272673447,0,59889,0,0,21,0
2403,2239,116,0,3272175491,0,3272644170,0,59862,0,0,21,0
2404,2240,117,0,3272155907,0,3272615107,0,59836,0,0,21,0
2405,2241,118,0,3272136470,0,3272586266,0,59810,0,0,21,0
2406,2242,119,0,3272117191,0,3272557656,0,59784,0,0,21,0
2407,2243,120,0,3272098072,0,3272529285,0,59759,0,0,21,0
2408,2244,121,0,3272079119,0,3272501160,0,59734,0,0,21,0
2409,2245,122,0,3272060337,0,3272473291,0,59709,0,0,21,0
2410,2246,123,0,3272041732,0,3272445684,0,59685,0,0,21,0
2411,2247,124,0,3272023310,0,3272418349,0,59662,0,0,21,0
2412,2248,125,0,3272005076,0,3272391293,0,59639,0,1,21,21
2413,2249,126,1,3271987035,0,3272364523,0,59616,0,1,86,21
2414,2250,127,1,3271969133,0,3272338010,0,59594,0,1,86,21
2415,2251,128,1,3271951312,0,3272311710,0,59573,0,1,86,21
2416,2252,129,1,3271933568,0,3272285618,0,59552,0,1,86,21
2417,2253,130,1,3271915901,0,3272259727,0,59532,0,1,86,21
2418,2254,131,1,3271898310,0,3272234032,0,59512,0,1,86,21
2419,2255,132,1,3271880794,0,3272208526,0,59493,0,1,86,21
2420,2256,133,1,3271863350,0,3272183204,0,59474,0,1,86,21
2421,2257,134,1,3271845977,0,3272158059,0,59456,0,1,86,21
2422,2258,135,1,3271828675,0,3272133085,0,59438,0,1,86,21
2423,2259,136,1,3271811440,0,3272108276,0,59422,0,1,86,21
2424,2260,137,1,3271794273,0,3272083626,0,59405,0,1,86,21
2425,2261,138,1,3271777172,0,3272059130,0,59390,0,1,86,21
2426,2262,139,1,3271760135,0,3272034781,0,59375,0,1,86,21
2427,2263,140,1,3271743161,0,3272010572,0,59361,0,1,86,21
2428,2264,141,1,3271726249,0,3271986499,0,59347,0,1,86,21
2429,2265,142,1,3271709396,0,3271962555,0,59334,0,1,86,21
2430,2266,143,1,3271692602,0,3271938734,0,59321,0,1,86,21
2431,2267,144,1,3271675866,0,3271915030,0,59308,0,1,86,21
2432,2268,145,1,3271659185,0,3271891437,0,59295,0,1,86,21
2433,2269,146,1,3271642558,0,3271867948,0,59282,0,1,86,21
2434,2270,147,1,3271625985,0,3271844559,0,59270,0,1,86,21
2435,2271,148,1,3271609464,0,3271821262,0,59257,0,1,86,21
2436,2272,149,1,3271592993,0,3271798052,0,59245,0,1,86,21
2437,2273,150,1,3271576570,0,3271774923,0,59233,0,1,86,21
2438,2274,151,1,3271560195,0,3271751869,0,59221,0,1,86,21
2439,2275,152,1,3271530611,0,3271728883,0,59209,0,1,86,21
2440,2276,153,1,3271498042,0,3271705959,0,59197,0,1,86,21
2441,2277,154,1,3271465558,0,3271683092,0,59185,0,1,86,21
2442,2278,155,1,3271433158,0,3271660276,0,59174,0,1,86,21
2443,2279,156,1,3271400840,0,3271637505,0,59162,0,1,86,21
2444,2280,157,1,3271368599,0,3271614771,0,59151,0,1,86,21
2445,2281,158,1,3271336433,0,3271592071,0,59140,0,1,86,21
2446,2282,159,1,3271304339,0,3271569396,0,59128,0,1,86,21
2447,2283,160,1,3271272314,0,3271536364,0,59117,0,1,86,21
2448,2284,161,1,3271240357,0,3271491084,0,59107,0,1,86,21
2449,2285,162,1,3271208462,0,3271445822,0,59096,0,1,86,21
2450,2286,163,1,3271176630,0,3271400564,0,59085,0,1,86,21
2451,2287,164,1,3271144854,0,3271355298,0,59075,0,1,86,21
2452,2288,165,1,3271113135,0,3271310013,0,59064,0,1,86,21
2453,2289,166,1,3271081467,0,3271264696,0,59054,0,1,86,21
2454,2290,167,1,3271049850,0,3271219334,0,59044,0,1,86,21
2455,2291,168,1,3271018279,0,3271173919,0,59034,0,1,86,21
2456,2292,169,1,3270986752,0,3271128433,0,59023,0,1,86,21
2457,2293,170,1,3270955267,0,3271082868,0,59014,0,1,86,21
2458,2294,171,1,3270923820,0,3271037212,0,59004,0,1,86,21
2459,2295,172,1,3270892408,0,3270991452,0,58994,0,1,86,21
2460,2296,173,1,3270861028,0,3270945575,0,58985,0,1,86,21
2461,2297,174,1,3270829680,0,3270899569,0,58975,0,1,86,21
2462,2298,175,1,3270798357,0,3270853423,0,58966,0,1,86,21
2463,2299,176,1,3270767060,0,3270807126,0,58956,0,1,86,21
2464,2300,177,1,3270735784,0,3270760663,0,58947,0,1,86,21
2465,2301,178,1,3270704526,0,3270714024,0,58938,0,1,86,21
2466,2302,179,1,3270673285,0,3270667196,0,58929,0,1,86,21
2467,2303,180,1,3270642055,0,3270620168,0,58920,0,1,86,21
2468,2304,181,1,3270610837,0,3270572927,0,58911,0,1,86,21
2469,2305,182,1,3270579626,0,3270525460,0,58903,0,1,86,21
2470,2306,183,1,3270548419,0,3270477757,0,58894,0,1,86,21
2471,2307,184,1,3270517214,0,3270429805,0,58886,0,1,86,21
2472,2308,185,1,3270486007,0,3270381592,0,58877,0,1,86,21
2473,2309,186,1,3270454797,0,3270333106,0,58869,0,1,86,21
2474,2310,187,1,3270423580,0,3270284334,0,58861,0,1,86,21
2475,2311,188,1,3270392353,0,3270235265,0,58852,0,1,86,21
2476,2312,189,1,3270361115,0,3270185887,0,58844,0,1,86,21
2477,2313,190,1,3270329861,0,3270136188,0,58836,0,1,86,21
2478,2314,191,1,3270298589,0,3270086153,0,58829,0,1,86,21
2479,2315,192,1,3270267295,0,3270035776,0,58821,0,1,86,21
2480,2316,193,1,3270235979,0,3269985039,0,58813,0,1,86,21
2481,2317,194,1,3270204636,0,3269933934,0,58805,0,1,86,21
2482,2318,195,1,3270173262,0,3269882445,0,58798,0,1,86,21
2483,2319,196,1,3270141859,0,3269830565,0,58790,0,1,86,21
2484,2320,197,1,3270110419,0,3269778276,0,58783,0,1,86,21
2485,2321,198,1,3270078942,0,3269725572,0,58776,0,1,86,21
2486,2322,199,1,3270047424,0,3269672435,0,58768,0,1,86,21
2487,2323,200,1,3270015863,0,3269618857,0,58761,0,2,86,86
2488,2324,201,2,3269984258,0,3269564827,0,58754,0,2,115,86
2489,2325,202,2,3269952691,0,3269510619,0,58747,0,2,115,86
2490,2326,203,2,3269921253,0,3269456523,0,58740,0,2,115,86
2491,2327,204,2,3269889942,0,3269402535,0,58733,0,2,115,86
2492,2328,205,2,3269858758,0,3269348656,0,58727,0,2,115,86
2493,2329,206,2,3269827698,0,3269294884,0,58720,0,2,115,86
2494,2330,207,2,3269796762,0,3269241219,0,58713,0,2,115,86
2495,2331,208,2,3269765946,0,3269187657,0,58707,0,2,115,86
2496,2332,209,2,3269735252,0,3269134199,0,58700,0,2,115,86
2497,2333,210,2,3269704674,0,3269080842,0,58694,0,2,115,86
2498,2334,211,2,3269674216,0,3269027587,0,58688,0,2,115,86
2499,2335,212,2,3269643873,0,3268974433,0,58681,0,2,115,86
2500,2336,213,2,3269613645,0,3268921375,0,58675,0,2,115,86
2501,2337,214,2,3269583528,0,3268868417,0,58669,0,2,115,86
2502,2338,215,2,3269553523,0,3268815553,0,58663,0,2,115,86
2503,2339,216,2,3269523629,0,3268762784,0,58657,0,2,115,86
2504,2340,217,2,3269493843,0,3268710109,0,58651,0,2,115,86
2505,2341,218,2,3269464165,0,3268657526,0,58645,0,2,115,86
2506,2342,219,2,3269434591,0,3268605035,0,58639,0,2,115,86
2507,2343,220,2,3269405121,0,3268552632,0,58633,0,2,115,86
2508,2344,221,2,3269375754,0,3268500320,0,58628,0,2,115,86
2509,2345,222,2,3269346489,0,3268448095,0,58622,0,2,115,86
2510,2346,223,2,3269317324,0,3268395954,0,58616,0,2,115,86
2511,2347,224,2,3269288256,0,3268343901,0,58611,0,2,115,86
2512,2348,225,2,3269259285,0,3268291930,0,58605,0,2,115,86
2513,2349,226,2,3269230410,0,3268240041,0,58600,0,2,115,86
2514,2350,227,2,3269201629,0,3268188235,0,58594,0,2,115,86
2515,2351,228,2,3269172940,0,3268136508,0,58589,0,2,115,86
2516,2352,229,2,3269144343,0,3268084860,0,58584,0,2,115,86
2517,2353,230,2,3269115835,0,3268033290,0,58579,0,2,115,86
2518,2354,231,2,3269087416,0,3267981796,0,58573,0,2,115,86
2519,2355,232,2,3269059082,0,3267930377,0,58568,0,2,115,86
2520,2356,233,2,3269030834,0,3267879033,0,58563,0,2,115,86
2521,2357,234,2,3269002670,0,3267827762,0,58558,0,2,115,86
2522,2358,235,2,3268974587,0,3267776561,0,58553,0,2,115,86
2523,2359,236,2,3268946586,0,3267725430,0,58548,0,2,115,86
2524,2360,237,2,3268918664,0,3267674370,0,58543,0,2,115,86
2525,2361,238,2,3268890820,0,3267623377,0,58539,0,2,115,86
2526,2362,239,2,3268863052,0,3267572451,0,58534,0,2,115,86
2527,2363,240,2,3268835360,0,3267521589,0,58529,0,2,115,86
2528,2364,241,2,3268807740,0,3267470792,0,58524,0,2,115,86
2529,2365,242,2,3268780194,0,3267420058,0,58520,0,2,115,86
2530,2366,243,2,3268752717,0,3267369386,0,58515,0,2,115,86
2531,2367,244,2,3268725310,0,3267318773,0,58510,0,2,115,86
2532,2368,245,2,3268697970,0,3267268221,0,58506,0,2,115,86
2533,2369,246,2,3268670697,0,3267217726,0,58501,0,2,115,86
2534,2370,247,2,3268643488,0,3267167288,0,58497,0,2,115,86
2535,2371,248,2,3268616343,0,3267116906,0,58492,0,2,115,86
2536,2372,249,2,3268589260,0,3267066578,0,58488,0,2,115,86
2537,2373,250,2,3268562237,0,3267016304,0,58483,0,2,115,86
2538,2374,251,2,3268535273,0,3266966081,0,58479,0,2,115,86
2539,2375,252,2,3268508367,0,3266915909,0,58475,0,2,115,86
2540,2376,253,2,3268481516,0,3266865786,0,58470,0,2,115,86
2541,2377,254,2,3268454721,0,3266815712,0,58466,0,2,115,86
2542,2378,255,2,3268427978,0,3266765684,0,58462,0,2,115,86
2543,2379,256,2,3268401287,0,3266715703,0,58458,0,2,115,86
2544,2380,257,2,3268374646,0,3266665765,0,58453,0,2,115,86
2545,2381,258,2,3268348054,0,3266615871,0,58449,0,2,115,86
2546,2382,259,2,3268321510,0,3266566020,0,58445,0,2,115,86
2547,2383,260,2,3268295010,0,3266516209,0,58441,0,2,115,86
2548,2384,261,2,3268268555,0,3266466438,0,58437,0,2,115,86
2549,2385,262,2,3268242142,0,3266416705,0,58433,0,2,115,86
2550,2386,263,2,3268215772,0,3266367009,0,58429,0,2,115,86
2551,2387,264,2,3268189442,0,3266317349,0,58425,0,2,115,86
2552,2388,265,2,3268163151,0,3266267725,0,58421,0,2,115,86
2553,2389,266,2,3268136897,0,3266218133,0,58417,0,2,115,86
2554,2390,267,2,3268110678,0,3266168575,0,58413,0,2,115,86
2555,2391,268,2,3268084493,0,3266119046,0,58409,0,2,115,86
2556,2392,269,2,3268058340,0,3266069549,0,58405,0,2,115,86
2557,2393,270,2,3268032220,0,3266020079,0,58401,0,2,115,86
2558,2394,271,2,3268006129,0,3265970636,0,58397,0,2,115,86
2559,2395,272,2,3267980066,0,3265921220,0,58393,0,2,115,86
2560,2396,273,2,3267954031,0,3265871829,0,58389,0,2,115,86
2561,2397,274,2,3267928020,0,3265822461,0,58385,0,2,115,86
2562,2398,275,2,3267902034,0,3265773117,0,58381,0,2,115,86
2563,2399,276,2,3267876069,0,3265723793,0,58377,0,2,115,86
2564,2400,277,2,3267850127,0,3265674490,0,58374,0,2,115,86
2565,2401,278,2,3267824204,0,3265625205,0,58370,0,2,115,86
2566,2402,279,2,3267798298,0,3265575938,0,58366,0,2,115,86
2567,2403,280,2,3267772410,0,3265526687,0,58362,0,2,115,86
2568,2404,281,2,3267746537,0,3265477451,0,58358,0,2,115,86
2569,2405,282,2,3267720677,0,3265428230,0,58354,0,2,115,86
2570,2406,283,2,3267694831,0,3265379020,0,58350,0,2,115,86
2571,2407,284,2,3267668994,0,3265329823,0,58347,0,2,115,86
2572,2408,285,2,3267643168,0,3265280635,0,58343,0,2,115,86
2573,2409,286,2,3267617348,0,3265231457,0,58339,0,2,115,86
2574,2410,287,2,3267591535,0,3265182287,0,58335,0,2,115,86
2575,2411,288,2,3267565729,0,3265133122,0,58331,0,2,115,86
2576,2412,289,2,3267539924,0,3265083963,0,58327,0,2,115,86
2577,2413,290,2,3267514123,0,3265034808,0,58324,0,2,115,86
2578,2414,291,2,3267488322,0,3264985657,0,58320,0,2,115,86
2579,2415,292,2,3267462519,0,3264936507,0,58316,0,2,115,86
2580,2416,293,2,3267436716,0,3264887357,0,58312,0,2,115,86
2581,2417,294,2,3267410907,0,3264838206,0,58308,0,2,115,86
2582,2418,295,2,3267385094,0,3264789053,0,58304,0,2,115,86
2583,2419,296,2,3267359275,0,3264739898,0,58300,0,2,115,86
2584,2420,297,2,3267333447,0,3264690739,0,58296,0,2,115,86
2585,2421,298,2,3267307609,0,3264641572,0,58293,0,2,115,86
2586,2422,299,2,3267281761,0,3264592399,0,58289,0,2,115,86
2587,2423,300,2,3267255900,0,3264543217,0,58285,0,2,115,86
2588,2424,301,2,3267230025,0,3264494027,0,58281,0,2,115,86
2589,2425,302,2,3267204135,0,3264444826,0,58277,0,2,115,86
2590,2426,303,2,3267178229,0,3264395613,0,58273,0,2,115,86
2591,2427,304,2,3267152303,0,3264346386,0,58269,0,2,115,86
2592,2428,305,2,3267126358,0,3264297147,0,58265,0,2,115,86
2593,2429,306,2,3267100392,0,3264247890,0,58261,0,2,115,86
2594,2430,307,2,3267074402,0,3264198618,0,58257,0,2,115,86
2595,2431,308,2,3267048389,0,3264149328,0,58253,0,2,115,86
2596,2432,309,2,3267022351,0,3264100018,0,58249,0,2,115,86
2597,2433,310,2,3266996285,0,3264050688,0,58244,0,2,115,86
2598,2434,311,2,3266970191,0,3264001336,0,58240,0,2,115,86
2599,2435,312,2,3266944067,0,3263951961,0,58236,0,2,115,86
2600,2436,313,2,3266917911,0,3263902564,0,58232,0,2,115,86
2601,2437,314,2,3266891722,0,3263853139,0,58228,0,2,115,86
2602,2438,315,2,3266865500,0,3263803688,0,58223,0,2,115,86
2603,2439,316,2,3266839240,0,3263754209,0,58219,0,2,115,86
2604,2440,317,2,3266812945,0,3263704702,0,58215,0,2,115,86
2605,2441,318,2,3266786611,0,3263655165,0,58210,0,2,115,86
2606,2442,319,2,3266760235,0,3263605596,0,58206,0,2,115,86
2607,2443,320,2,3266733820,0,3263555994,0,58202,0,2,115,86
2608,2444,321,2,3266707359,0,3263506358,0,58197,0,2,115,86
2609,2445,322,2,3266680857,0,3263456687,0,58193,0,2,115,86
2610,2446,323,2,3266654305,0,3263406980,0,58188,0,2,115,86
2611,2447,324,2,3266627708,0,3263357237,0,58184,0,2,115,86
2612,2448,325,2,3266601062,0,3263307453,0,58179,0,2,115,86
2613,2449,326,2,3266574365,0,3263257628,0,58175,0,2,115,86
2614,2450,327,2,3266547618,0,3263207764,0,58170,0,2,115,86
2615,2451,328,2,3266520815,0,3263147201,0,58165,0,2,115,86
2616,2452,329,2,3266493958,0,3263047299,0,58161,0,2,115,86
2617,2453,330,2,3266467046,0,3262947309,0,58156,0,2,115,86
2618,2454,331,2,3266440075,0,3262847225,0,58151,0,2,115,86
2619,2455,332,2,3266413046,0,3262747046,0,58146,0,2,115,86
2620,2456,333,2,3266385956,0,3262646769,0,58141,0,2,115,86
2621,2457,334,2,3266358803,0,3262546394,0,58136,0,2,115,86
2622,2458,335,2,3266331588,0,3262445920,0,58131,0,2,115,86
2623,2459,336,2,3266304307,0,3262345334,0,58126,0,2,115,86
2624,2460,337,2,3266276961,0,3262244643,0,58121,0,2,115,86
2625,2461,338,2,3266249546,0,3262143845,0,58116,0,2,115,86
2626,2462,339,2,3266222061,0,3262042935,0,58111,0,2,115,86
2627,2463,340,2,3266194506,0,3261941912,0,58106,0,2,115,86
2628,2464,341,2,3266166879,0,3261840771,0,58101,0,2,115,86
2629,2465,342,2,3266139179,0,3261739507,0,58095,0,2,115,86
2630,2466,343,2,3266111402,0,3261638124,0,58090,0,2,115,86
2631,2467,344,2,3266083549,0,3261536617,0,58084,0,2,115,86
2632,2468,345,2,3266055619,0,3261434982,0,58079,0,2,115,86
2633,2469,346,2,3266027610,0,3261333222,0,58073,0,2,115,86
2634,2470,347,2,3265999518,0,3261231325,0,58068,0,2,115,86
2635,2471,348,2,3265971344,0,3261129295,0,58062,0,2,115,86
2636,2472,349,2,3265943087,0,3261027130,0,58056,0,2,115,86
2637,2473,350,2,3265914744,0,3260924828,0,58051,0,2,115,86
2638,2474,351,2,3265886314,0,3260822387,0,58045,0,2,115,86
2639,2475,352,2,3265857797,0,3260719796,0,58039,0,2,115,86
2640,2476,353,2,3265829188,0,3260617060,0,58033,0,2,115,86
2641,2477,354,2,3265800490,0,3260514173,0,58027,0,2,115,86
2642,2478,355,2,3265771699,0,3260411142,0,58021,0,2,115,86
2643,2479,356,2,3265742813,0,3260307956,0,58015,0,2,115,86
2644,2480,357,2,3265713833,0,3260204610,0,58009,0,2,115,86
2645,2481,358,2,3265684753,0,3260101105,0,58002,0,2,115,86
2646,2482,359,2,3265655578,0,3259997440,0,57996,0,2,115,86
2647,2483,360,2,3265626301,0,3259893616,0,57990,0,2,115,86
2648,2484,361,2,3265596923,0,3259789619,0,57983,0,2,115,86
2649,2485,362,2,3265567442,0,3259685462,0,57977,0,2,115,86
2650,2486,363,2,3265537856,0,3259581128,0,57970,0,2,115,86
2651,2487,364,2,3265508167,0,3259476619,0,57963,0,2,115,86
2652,2488,365,2,3265478368,0,3259371936,0,57956,0,2,115,86
2653,2489,366,2,3265448461,0,3259267079,0,57950,0,2,115,86
2654,2490,367,2,3265418445,0,3259162044,0,57943,0,2,115,86
2655,2491,368,2,3265388315,0,3259056818,0,57936,0,2,115,86
2656,2492,369,2,3265358075,0,3258951408,0,57929,0,2,115,86
2657,2493,370,2,3265327718,0,3258845811,0,57922,0,2,115,86
2658,2494,371,2,3265297247,0,3258740026,0,57914,0,2,115,86
2659,2495,372,2,3265266658,0,3258634050,0,57907,0,2,115,86
2660,2496,373,2,3265235950,0,3258527875,0,57900,0,2,115,86
2661,2497,374,2,3265205122,0,3258421498,0,57892,0,2,115,86
2662,2498,375,2,3265174170,0,3258314923,0,57885,0,2,115,86
2663,2499,376,2,3265143098,0,3258208147,0,57877,0,2,115,86
2664,2500,377,2,3265111898,0,3258101169,0,57869,0,2,115,86
2665,2501,378,2,3265080575,0,3257993985,0,57862,0,2,115,86
2666,2502,379,2,3265049123,0,3257886586,0,57854,0,2,115,86
2667,2503,380,2,3265017541,0,3257778973,0,57846,0,2,115,86
2668,2504,381,2,3264985831,0,3257671145,0,57838,0,2,115,86
2669,2505,382,2,3264953986,0,3257563108,0,57830,0,2,115,86
2670,2506,383,2,3264922009,0,3257454848,0,57821,0,2,115,86
2671,2507,384,2,3264889897,0,3257346361,0,57813,0,2,115,86
2672,2508,385,2,3264857647,0,3257237650,0,57805,0,3,115,115
2673,2509,386,3,3264825262,0,3257128714,0,57796,0,3,148,115
2674,2510,387,3,3264793030,0,3257020564,0,57787,0,3,148,115
2675,2511,388,3,3264761216,0,3256914169,0,57779,0,3,148,115
2676,2512,389,3,3264729775,0,3256809465,0,57770,0,3,148,115
2677,2513,390,3,3264698666,0,3256706384,0,57761,0,3,148,115
2678,2514,391,3,3264667843,0,3256604862,0,57752,0,3,148,115
2679,2515,392,3,3264637264,0,3256504830,0,57743,0,3,148,115
2680,2516,393,3,3264606883,0,3256406223,0,57734,0,3,148,115
2681,2517,394,3,3264576658,0,3256308975,0,57725,0,3,148,115
2682,2518,395,3,3264546545,0,3256213018,0,57715,0,3,148,115
2683,2519,396,3,3264516502,0,3256118289,0,57706,0,3,148,115
2684,2520,397,3,3264486482,0,3256024719,0,57696,0,3,148,115
2685,2521,398,3,3264456443,0,3255932243,0,57687,0,3,148,115
2686,2522,399,3,3264426341,0,3255840793,0,57677,0,3,148,115
2687,2523,400,3,3264396134,0,3255750305,0,57667,0,3,148,115
2688,2524,401,3,3264365776,0,3255660712,0,57657,0,3,148,115
2689,2525,402,3,3264335224,0,3255571947,0,57647,0,3,148,115
2690,2526,403,3,3264304434,0,3255483945,0,57637,0,3,148,115
2691,2527,404,3,3264273364,0,3255396637,0,57626,0,3,148,115
2692,2528,405,3,3264241967,0,3255309961,0,57616,0,3,148,115
2693,2529,406,3,3264210204,0,3255223847,0,57605,0,3,148,115
2694,2530,407,3,3264178028,0,3255138230,0,57595,0,3,148,115
2695,2531,408,3,3264145395,0,3255053043,0,57584,0,3,148,115
2696,2532,409,3,3264112263,0,3254968222,0,57573,0,3,148,115
2697,2533,410,3,3264078588,0,3254883699,0,57562,0,3,148,115
2698,2534,411,3,3264044325,0,3254799408,0,57551,0,3,148,115
2699,2535,412,3,3264009432,0,3254650661,0,57540,0,3,148,115
2700,2536,413,3,3263973864,0,3254482609,0,57528,0,3,148,115
2701,2537,414,3,3263937579,0,3254314623,0,57517,0,3,148,115
2702,2538,415,3,3263900531,0,3254146570,0,57505,0,3,148,115
2703,2539,416,3,3263862678,0,3253978322,0,57494,0,3,148,115
2704,2540,417,3,3263823976,0,3253809740,0,57482,0,3,148,115
2705,2541,418,3,3263784381,0,3253640693,0,57470,0,3,148,115
2706,2542,419,3,3263743849,0,3253471051,0,57458,0,3,148,115
2707,2543,420,3,3263702337,0,3253300681,0,57446,0,3,148,115
2708,2544,421,3,3263659801,0,3253129449,0,57434,0,3,148,115
2709,2545,422,3,3263616198,0,3252957220,0,57421,0,3,148,115
2710,2546,423,3,3263571482,0,3252783867,0,57409,0,3,148,115
2711,2547,424,3,3263525613,0,3252609254,0,57396,0,3,148,115
2712,2548,425,3,3263478544,0,3252433250,0,57383,0,3,148,115
2713,2549,426,3,3263430233,0,3252255721,0,57370,0,3,148,115
2714,2550,427,3,3263380636,0,3252076536,0,57357,0,3,148,115
2715,2551,428,3,3263329709,0,3251895561,0,57344,0,3,148,115
2716,2552,429,3,3263277408,0,3251712665,0,57331,0,3,148,115
2717,2553,430,3,3263223691,0,3251527712,0,57317,0,4,148,148
2718,2554,431,4,3263168512,0,3251340574,0,57304,0,4,189,148
2719,2555,432,4,3263057613,0,3251153487,0,57290,0,4,189,148
2720,2556,433,4,3262948568,0,3250968760,0,57276,0,4,189,148
2721,2557,434,4,3262841314,0,3250786368,0,57262,0,4,189,148
2722,2558,435,4,3262735786,0,3250606284,0,57248,0,4,189,148
2723,2559,436,4,3262631924,0,3250428482,0,57234,0,4,189,148
2724,2560,437,4,3262529661,0,3250252939,0,57219,0,4,189,148
2725,2561,438,4,3262428935,0,3250079626,0,57205,0,4,189,148
2726,2562,439,4,3262329684,0,3249908518,0,57190,0,4,189,148
2727,2563,440,4,3262231843,0,3249739590,0,57175,0,4,189,148
2728,2564,441,4,3262135350,0,3249572817,0,57160,0,4,189,148
2729,2565,442,4,3262040140,0,3249408170,0,57145,0,4,189,148
2730,2566,443,4,3261946151,0,3249245627,0,57130,0,4,189,148
2731,2567,444,4,3261853319,0,3249085160,0,57114,0,4,189,148
2732,2568,445,4,3261761582,0,3248926743,0,57099,0,4,189,148
2733,2569,446,4,3261670874,0,3248770352,0,57083,0,4,189,148
2734,2570,447,4,3261581134,0,3248615959,0,57067,0,4,189,148
2735,2571,448,4,3261492298,0,3248463540,0,57051,0,4,189,148
2736,2572,449,4,3261404302,0,3248313069,0,57035,0,4,189,148
2737,2573,450,4,3261317083,0,3248164519,0,57019,0,4,189,148
2738,2574,451,4,3261230578,0,3248017864,0,57002,0,4,189,148
2739,2575,452,4,3261144723,0,3247873081,0,56986,0,4,189,148
2740,2576,453,4,3261059457,0,3247730141,0,56969,0,4,189,148
2741,2577,454,4,3260974714,0,3247589021,0,56952,0,4,189,148
2742,2578,455,4,3260890431,0,3247449693,0,56935,0,4,189,148
2743,2579,456,4,3260806545,0,3247312131,0,56918,0,4,189,148
2744,2580,457,4,3260722993,0,3247176311,0,56901,0,4,189,148
2745,2581,458,4,3260639711,0,3247042207,0,56883,0,4,189,148
2746,2582,459,4,3260556637,0,3246909792,0,56865,0,4,189,148
2747,2583,460,4,3260473708,0,3246779041,0,56848,0,4,189,148
2748,2584,461,4,3260390857,0,3246649929,0,56830,0,4,189,148
2749,2585,462,4,3260308024,0,3246522427,0,56811,0,4,189,148
2750,2586,463,4,3260225145,0,3246396513,0,56793,0,4,189,148
2751,2587,464,4,3260142156,0,3246153024,0,56775,0,4,189,148
2752,2588,465,4,3260058995,0,3245907386,0,56756,0,4,189,148
2753,2589,466,4,3259975596,0,3245664767,0,56737,0,4,189,148
2754,2590,467,4,3259891899,0,3245425114,0,56718,0,4,189,148
2755,2591,468,4,3259807838,0,3245188378,0,56699,0,4,189,148
2756,2592,469,4,3259723352,0,3244954502,0,56680,0,4,189,148
2757,2593,470,4,3259638375,0,3244723440,0,56660,0,4,189,148
2758,2594,471,4,3259552846,0,3244495139,0,56640,0,4,189,148
2759,2595,472,4,3259466700,0,3244269545,0,56621,0,4,189,148
2760,2596,473,4,3259379875,0,3244046608,0,56601,0,4,189,148
2761,2597,474,4,3259292306,0,3243826281,0,56580,0,4,189,148
2762,2598,475,4,3259203933,0,3243608500,0,56560,0,4,189,148
2763,2599,476,4,3259114688,0,3243393229,0,56540,0,4,189,148
2764,2600,477,4,3259024511,0,3243180406,0,56519,0,4,189,148
2765,2601,478,4,3258933338,0,3242969980,0,56498,0,4,189,148
2766,2602,479,4,3258841105,0,3242761904,0,56477,0,4,189,148
2767,2603,480,4,3258747749,0,3242556126,0,56456,0,4,189,148
2768,2604,481,4,3258653207,0,3242352586,0,56434,0,4,189,148
2769,2605,482,4,3258557414,0,3242151243,0,56412,0,4,189,148
2770,2606,483,4,3258460309,0,3241952044,0,56390,0,4,189,148
2771,2607,484,4,3258361828,0,3241754928,0,56367,0,4,189,148
2772,2608,485,4,3258261905,0,3241559858,0,56344,0,4,189,148
2773,2609,486,4,3258160483,0,3241366772,0,56320,0,4,189,148
2774,2610,487,4,3258057491,0,3241175615,0,56295,0,4,189,148
2775,2611,488,4,3257952872,0,3240986348,0,56270,0,4,189,148
2776,2612,489,4,3257846557,0,3240798914,0,56244,0,4,189,148
2777,2613,490,4,3257738489,0,3240613253,0,56218,0,4,189,148
2778,2614,491,4,3257628598,0,3240429326,0,56192,0,4,189,148
2779,2615,492,4,3257516826,0,3240247078,0,56164,0,4,189,148
2780,2616,493,4,3257403107,0,3240066448,0,56137,0,4,189,148
2781,2617,494,4,3257287378,0,3239887400,0,56108,0,4,189,148
2782,2618,495,4,3257169577,0,3239709872,0,56080,0,4,189,148
2783,2619,496,4,3257049636,0,3239533809,0,56050,0,4,189,148
2784,2620,497,4,3256927501,0,3239359173,0,56021,0,4,189,148
2785,2621,498,4,3256803096,0,3239185904,0,55990,0,4,189,148
2786,2622,499,4,3256676372,0,3239013946,0,55960,0,4,189,148
2787,2623,500,4,3256547252,0,3238843254,0,55929,0,5,189,189
2788,2624,501,5,3256415684,0,3238673778,0,55897,0,5,242,189
2789,2625,502,5,3256283279,0,3238505596,0,55865,0,5,242,189
2790,2626,503,5,3256151691,0,3238338834,0,55832,0,5,242,189
2791,2627,504,5,3256020906,0,3238173500,0,55799,0,5,242,189
2792,2628,505,5,3255890913,0,3238009604,0,55766,0,5,242,189
2793,2629,506,5,3255761696,0,3237691626,0,55732,0,5,242,189
2794,2630,507,5,3255633242,0,3237369644,0,55697,0,5,242,189
2795,2631,508,5,3255505540,0,3237050596,0,55663,0,5,242,189
2796,2632,509,5,3255378575,0,3236734500,0,55627,0,5,242,189
2797,2633,510,5,3255252333,0,3236421375,0,55592,0,5,242,189
2798,2634,511,5,3255126800,0,3236111239,0,55556,0,5,242,189
2799,2635,512,5,3255001966,0,3235804111,0,55519,0,5,242,189
2800,2636,513,5,3254877814,0,3235500010,0,55482,0,5,242,189
2801,2637,514,5,3254728762,0,3235198956,0,55445,0,5,242,189
2802,2638,515,5,3254483113,0,3234900966,0,55407,0,5,242,189
2803,2639,516,5,3254238750,0,3234606058,0,55369,0,5,242,189
2804,2640,517,5,3253995648,0,3234314253,0,55331,0,5,242,189
2805,2641,518,5,3253753781,0,3234025569,0,55292,0,5,242,189
2806,2642,519,5,3253513118,0,3233740024,0,55252,0,5,242,189
2807,2643,520,5,3253273636,0,3233457639,0,55213,0,5,242,189
2808,2644,521,5,3253035306,0,3233178429,0,55173,0,5,242,189
2809,2645,522,5,3252798105,0,3232902416,0,55132,0,5,242,189
2810,2646,523,5,3252562002,0,3232629616,0,55092,0,5,242,189
2811,2647,524,5,3252326973,0,3232360052,0,55051,0,5,242,189
2812,2648,525,5,3252092989,0,3232093739,0,55009,0,5,242,189
2813,2649,526,5,3251860026,0,3231830698,0,54968,0,5,242,189
2814,2650,527,5,3251628054,0,3231570945,0,54925,0,5,242,189
2815,2651,528,5,3251397049,0,3231314503,0,54883,0,5,242,189
2816,2652,529,5,3251166983,0,3231061387,0,54840,0,5,242,189
2817,2653,530,5,3250937830,0,3230811618,0,54797,0,5,242,189
2818,2654,531,5,3250709564,0,3230565213,0,54754,0,5,242,189
2819,2655,532,5,3250482154,0,3230322189,0,54710,0,5,242,189
2820,2656,533,5,3250255578,0,3230082573,0,54666,0,5,242,189
2821,2657,534,5,3250029810,0,3229846376,0,54622,0,5,242,189
2822,2658,535,5,3249804818,0,3229613156,0,54577,0,5,242,189
2823,2659,536,5,3249580579,0,3229154558,0,54532,0,5,242,189
2824,2660,537,5,3249357065,0,3228702917,0,54487,0,5,242,189
2825,2661,538,5,3249134251,0,3228258271,0,54442,0,5,242,189
2826,2662,539,5,3248912109,0,3227820650,0,54396,0,5,242,189
2827,2663,540,5,3248690611,0,3227390098,0,54350,0,5,242,189
2828,2664,541,5,3248469732,0,3226966651,0,54304,0,5,242,189
2829,2665,542,5,3248249446,0,3226550352,0,54257,0,5,242,189
2830,2666,543,5,3248029723,0,3226141230,0,54211,0,5,242,189
2831,2667,544,5,3247810539,0,3225739324,0,54164,0,5,242,189
2832,2668,545,5,3247591867,0,3225344675,0,54116,0,5,242,189
2833,2669,546,5,3247373680,0,3224957321,0,54069,0,5,242,189
2834,2670,547,5,3247155952,0,3224577296,0,54021,0,5,242,189
2835,2671,548,5,3246938653,0,3224204640,0,53973,0,5,242,189
2836,2672,549,5,3246721761,0,3223839388,0,53925,0,5,242,189
2837,2673,550,5,3246505246,0,3223481583,0,53877,0,5,242,189
2838,2674,551,5,3246186870,0,3223131258,0,53828,0,5,242,189
2839,2675,552,5,3245755192,0,3222788448,0,53779,0,5,242,189
2840,2676,553,5,3245324105,0,3222453196,0,53730,0,5,242,189
2841,2677,554,5,3244893567,0,3222125537,0,53681,0,5,242,189
2842,2678,555,5,3244463513,0,3221805513,0,53632,0,5,242,189
2843,2679,556,5,3244033896,0,3221493153,0,53582,0,5,242,189
2844,2680,557,5,3243604661,0,3221151528,0,53533,0,5,242,189
2845,2681,558,5,3243175752,0,3220557716,0,53483,0,5,242,189
2846,2682,559,5,3242747121,0,3219979460,0,53433,0,5,242,189
2847,2683,560,5,3242318712,0,3219416843,0,53382,0,5,242,189
2848,2684,561,5,3241890469,0,3218869939,0,53332,0,5,242,189
2849,2685,562,5,3241462336,0,3218338825,0,53281,0,5,242,189
2850,2686,563,5,3241034268,0,3217823572,0,53231,0,5,242,189
2851,2687,564,5,3240606212,0,3217324255,0,53180,0,5,242,189
2852,2688,565,5,3240178102,0,3216840957,0,53129,0,5,242,189
2853,2689,566,5,3239749892,0,3216373748,0,53078,0,5,242,189
2854,2690,567,5,3239321539,0,3215922699,0,53027,0,5,242,189
2855,2691,568,5,3238892975,0,3215487888,0,52975,0,5,242,189
2856,2692,569,5,3238464146,0,3215069388,0,52924,0,5,242,189
2857,2693,570,5,3238035005,0,3214667280,0,52872,0,5,242,189
2858,2694,571,5,3237208318,0,3214281642,0,52821,0,5,242,189
2859,2695,572,5,3236348472,0,3213912535,0,52769,0,5,242,189
2860,2696,573,5,3235487660,0,3213560040,0,52717,0,5,242,189
2861,2697,574,5,3234625805,0,3213224243,0,52665,0,5,242,189
2862,2698,575,5,3233762800,0,3212905210,0,52613,0,5,242,189
2863,2699,576,5,3232898514,0,3212369152,0,52561,0,5,242,189
2864,2700,577,5,3232032857,0,3211798589,0,52508,0,5,242,189
2865,2701,578,5,3231165704,0,3211262005,0,52456,0,5,242,189
2866,2702,579,5,3230296980,0,3210759552,0,52404,0,5,242,189
2867,2703,580,5,3229239042,0,3210291369,0,52351,0,5,242,189
2868,2704,581,5,3227494571,0,3209857608,0,52299,0,5,242,189
2869,2705,582,5,3225746282,0,3209458455,0,52247,0,5,242,189
2870,2706,583,5,3223993991,0,3209094016,0,52194,0,5,242,189
2871,2707,584,5,3222237452,0,3208764460,0,52141,0,5,242,189
2872,2708,585,5,3219727340,0,3208469925,0,52089,0,5,242,189
2873,2709,586,5,3216195925,0,3208210595,0,52036,0,5,242,189
2874,2710,587,5,3212472713,0,3207986577,0,51983,0,5,242,189
2875,2711,588,5,3205369893,0,3207798056,0,51931,0,5,242,189
2876,2712,589,5,3188027496,0,3207645138,0,51878,0,5,242,189
2877,2713,590,5,1050107223,0,3207528038,0,51825,0,5,242,189
2878,2714,591,5,1060704974,0,3207446849,0,51773,0,5,242,189
2879,2715,592,5,1066625615,0,3207401754,0,51720,0,5,242,189
2880,2716,593,5,1070234371,0,3207392861,0,51667,0,5,242,189
2881,2717,594,5,1073798915,0,3207420384,0,51615,0,5,242,189
2882,2718,595,5,1075616326,0,3207484446,0,51562,0,5,242,189
2883,2719,596,5,1077440530,0,3207585154,0,51509,0,5,242,189
2884,2720,597,5,1079271726,0,3207722708,0,51457,0,5,242,189
2885,2721,598,5,1081110220,0,3207897261,0,51404,0,5,242,189
2886,2722,599,5,1082543314,0,3208108936,0,51352,0,5,242,189
2887,2723,600,5,1083470098,0,3208357916,0,51299,0,5,242,189
2888,2724,601,5,1084400822,0,3208644294,0,51247,0,5,242,189
2889,2725,602,5,1085335632,0,3208968284,0,51194,0,5,242,189
2890,2726,603,5,1086274582,0,3209329994,0,51142,0,5,242,189
2891,2727,604,5,1087217787,0,3209729607,0,51090,0,5,242,189
2892,2728,605,5,1088165347,0,3210167231,0,51038,0,5,242,189
2893,2729,606,5,1089117423,0,3210643066,0,50986,0,5,242,189
2894,2730,607,5,1090074067,0,3211157218,0,50934,0,5,242,189
2895,2731,608,5,1090777211,0,3211709856,0,50882,0,5,242,189
2896,2732,609,5,1091260263,0,3212301119,0,50830,0,5,242,189
2897,2733,610,5,1091745785,0,3212884035,0,50778,0,5,242,189
2898,2734,611,5,1092233809,0,3213218528,0,50727,0,5,242,189
2899,2735,612,5,1092724386,0,3213572579,0,50675,0,5,242,189
2900,2736,613,5,1093217567,0,3213946237,0,50624,0,5,242,189
2901,2737,614,5,1093713426,0,3214339594,0,50572,0,5,242,189
2902,2738,615,5,1094212011,0,3214752708,0,50521,0,6,242,242
2903,2739,616,6,1094713344,0,3215185674,0,50470,0,6,299,242
2904,2740,617,6,1095215088,0,3215630725,0,50419,0,6,299,242
2905,2741,618,6,1095714829,0,3216080039,0,50369,0,6,299,242
2906,2742,619,6,1096212582,0,3216533605,0,50318,0,6,299,242
2907,2743,620,6,1096708364,0,3216991409,0,50268,0,6,299,242
2908,2744,621,6,1097202192,0,3217453439,0,50217,0,6,299,242
2909,2745,622,6,1097694081,0,3217919683,0,50167,0,6,299,242
2910,2746,623,6,1098184049,0,3218390127,0,50117,0,6,299,242
2911,2747,624,6,1098672114,0,3218864758,0,50068,0,6,299,242
2912,2748,625,6,1099032968,0,3219343564,0,50018,0,6,299,242
2913,2749,626,6,1099275121,0,3219826532,0,49968,0,6,299,242
2914,2750,627,6,1099516344,0,3220313650,0,49919,0,6,299,242
2915,2751,628,6,1099756650,0,3220804905,0,49870,0,6,299,242
2916,2752,629,6,1099996044,0,3221262877,0,49821,0,6,299,242
2917,2753,630,6,1100234534,0,3221512623,0,49773,0,6,299,242
2918,2754,631,6,1100472131,0,3221764416,0,49724,0,6,299,242
2919,2755,632,6,1100708841,0,3222018253,0,49676,0,6,299,242
2920,2756,633,6,1100944674,0,3222274127,0,49628,0,6,299,242
2921,2757,634,6,1101179638,0,3222532030,0,49580,0,6,299,242
2922,2758,635,6,1101413738,0,3222791958,0,49533,0,6,299,242
2923,2759,636,6,1101646987,0,3223053902,0,49485,0,6,299,242
2924,2760,637,6,1101879391,0,3223317857,0,49438,0,6,299,242
2925,2761,638,6,1102110959,0,3223583817,0,49391,0,6,299,242
2926,2762,639,6,1102341697,0,3223851775,0,49345,0,6,299,242
2927,2763,640,6,1102571615,0,3224121725,0,49299,0,6,299,242
2928,2764,641,6,1102800722,0,3224393660,0,49253,0,6,299,242
2929,2765,642,6,1103029026,0,3224667576,0,49207,0,6,299,242
2930,2766,643,6,1103256535,0,3224943463,0,49161,0,6,299,242
2931,2767,644,6,1103483257,0,3225221316,0,49116,0,6,299,242
2932,2768,645,6,1103709199,0,3225501131,0,49071,0,6,299,242
2933,2769,646,6,1103934372,0,3225782898,0,49026,0,6,299,242
2934,2770,647,6,1104158782,0,3226066614,0,48982,0,6,299,242
2935,2771,648,6,1104382438,0,3226352270,0,48938,0,6,299,242
2936,2772,649,6,1104605349,0,3226639859,0,48894,0,6,299,242
2937,2773,650,6,1104827524,0,3226929377,0,48851,0,6,299,242
2938,2774,651,6,1105048968,0,3227220817,0,48807,0,6,299,242
2939,2775,652,6,1105269692,0,3227514174,0,48765,0,6,299,242
2940,2776,653,6,1105489704,0,3227809437,0,48722,0,6,299,242
2941,2777,654,6,1105709012,0,3228106606,0,48680,0,6,299,242
2942,2778,655,6,1105927624,0,3228405669,0,48638,0,6,299,242
2943,2779,656,6,1106145547,0,3228706622,0,48596,0,6,299,242
2944,2780,657,6,1106362792,0,3229009460,0,48555,0,6,299,242
2945,2781,658,6,1106579366,0,3229314174,0,48514,0,6,299,242
2946,2782,659,6,1106795275,0,3229617420,0,48474,0,6,299,242
2947,2783,660,6,1107010532,0,3229771645,0,48434,0,6,299,242
2948,2784,661,6,1107225144,0,3229926798,0,48394,0,6,299,242
2949,2785,662,6,1107367686,0,3230082878,0,48355,0,6,299,242
2950,2786,663,6,1107474357,0,3230239880,0,48316,0,6,299,242
2951,2787,664,6,1107580717,0,3230397802,0,48277,0,6,299,242
2952,2788,665,6,1107686771,0,3230556641,0,48239,0,6,299,242
2953,2789,666,6,1107792523,0,3230716390,0,48201,0,6,299,242
2954,2790,667,6,1107897976,0,3230877052,0,48164,0,6,299,242
2955,2791,668,6,1108003134,0,3231038619,0,48127,0,6,299,242
2956,2792,669,6,1108108004,0,3231201091,0,48090,0,6,299,242
2957,2793,670,6,1108212586,0,3231364463,0,48054,0,6,299,242
2958,2794,671,6,1108316889,0,3231528732,0,48018,0,6,299,242
2959,2795,672,6,1108420912,0,3231693894,0,47983,0,6,299,242
2960,2796,673,6,1108524662,0,3231859949,0,47948,0,6,299,242
2961,2797,674,6,1108628143,0,3232026889,0,47913,0,6,299,242
2962,2798,675,6,1108731359,0,3232194717,0,47879,0,6,299,242
2963,2799,676,6,1108834313,0,3232363423,0,47845,0,6,299,242
2964,2800,677,6,1108937011,0,3232533007,0,47812,0,6,299,242
2965,2801,678,6,1109039456,0,3232703468,0,47780,0,6,299,242
2966,2802,679,6,1109141652,0,3232874798,0,47747,0,6,299,242
2967,2803,680,6,1109243604,0,3233047001,0,47716,0,6,299,242
2968,2804,681,6,1109345317,0,3233220065,0,47684,0,6,299,242
2969,2805,682,6,1109446791,0,3233393993,0,47653,0,6,299,242
2970,2806,683,6,1109548034,0,3233568779,0,47623,0,6,299,242
2971,2807,684,6,1109649050,0,3233744421,0,47593,0,6,299,242
2972,2808,685,6,1109749841,0,3233920916,0,47564,0,6,299,242
2973,2809,686,6,1109850411,0,3234098260,0,47535,0,6,299,242
2974,2810,687,6,1109950768,0,3234276450,0,47506,0,6,299,242
2975,2811,688,6,1110050911,0,3234455484,0,47479,0,6,299,242
2976,2812,689,6,1110150850,0,3234635358,0,47451,0,6,299,242
2977,2813,690,6,1110250583,0,3234816066,0,47424,0,6,299,242
2978,2814,691,6,1110350120,0,3234997611,0,47398,0,6,299,242
2979,2815,692,6,1110449459,0,3235179985,0,47372,0,6,299,242
2980,2816,693,6,1110548611,0,3235363186,0,47347,0,6,299,242
2981,2817,694,6,1110647572,0,3235547212,0,47322,0,6,299,242
2982,2818,695,6,1110746353,0,3235732056,0,47298,0,6,299,242
2983,2819,696,6,1110844955,0,3235917718,0,47274,0,6,299,242
2984,2820,697,6,1110943383,0,3236104195,0,47251,0,6,299,242
2985,2821,698,6,1111041640,0,3236291483,0,47229,0,6,299,242
2986,2822,699,6,1111139734,0,3236479580,0,47207,0,6,299,242
2987,2823,700,6,1111237663,0,3236668483,0,47185,0,6,299,242
2988,2824,701,6,1111335436,0,3236858184,0,47164,0,6,299,242
2989,2825,702,6,1111433054,0,3237048684,0,47144,0,6,299,242
2990,2826,703,6,1111530525,0,3237239982,0,47125,0,6,299,242
2991,2827,704,6,1111627849,0,3237432072,0,47106,0,6,299,242
2992,2828,705,6,1111725032,0,3237624950,0,47087,0,6,299,242
2993,2829,706,6,1111822079,0,3237818613,0,47069,0,6,299,242
2994,2830,707,6,1111918994,0,3238007873,0,47052,0,6,299,242
2995,2831,708,6,1112015779,0,3238105485,0,47035,0,6,299,242
2996,2832,709,6,1112112438,0,3238203484,0,47019,0,6,299,242
2997,2833,710,6,1112208979,0,3238301872,0,47004,0,6,299,242
2998,2834,711,6,1112305404,0,3238400645,0,46989,0,6,299,242
2999,2835,712,6,1112401714,0,3238499799,0,46975,0,6,299,242
3000,2836,713,6,1112497918,0,3238599335,0,46961,0,6,299,242
3001,2837,714,6,1112594019,0,3238699252,0,46949,0,6,299,242
3002,2838,715,6,1112690019,0,3238799547,0,46936,0,6,299,242
3003,2839,716,6,1112785923,0,3238900220,0,46925,0,6,299,242
3004,2840,717,6,1112881738,0,3239001268,0,46914,0,6,299,242
3005,2841,718,6,1112977462,0,3239102690,0,46904,0,6,299,242
3006,2842,719,6,1113073106,0,3239204483,0,46894,0,6,299,242
3007,2843,720,6,1113168668,0,3239306646,0,46885,0,6,299,242
3008,2844,721,6,1113264157,0,3239409178,0,46877,0,6,299,242
3009,2845,722,6,1113359576,0,3239512079,0,46869,0,6,299,242
3010,2846,723,6,1113454927,0,3239615347,0,46861,0,6,299,242
3011,2847,724,6,1113550216,0,3239718976,0,46854,0,6,299,242
3012,2848,725,6,1113645447,0,3239822968,0,46846,0,6,299,242
3013,2849,726,6,1113740623,0,3239927323,0,46838,0,6,299,242
3014,2850,727,6,1113835752,0,3240032037,0,46831,0,6,299,242
3015,2851,728,6,1113930830,0,3240137106,0,46823,0,6,299,242
3016,2852,729,6,1114025869,0,3240242535,0,46816,0,6,299,242
3017,2853,730,6,1114120871,0,3240348316,0,46809,0,6,299,242
3018,2854,731,6,1114215835,0,3240454449,0,46802,0,6,299,242
3019,2855,732,6,1114310776,0,3240560935,0,46794,0,6,299,242
3020,2856,733,6,1114405688,0,3240667773,0,46787,0,6,299,242
3021,2857,734,6,1114500580,0,3240774957,0,46780,0,6,299,242
3022,2858,735,6,1114595456,0,3240882488,0,46773,0,6,299,242
3023,2859,736,6,1114690315,0,3240990363,0,46766,0,6,299,242
3024,2860,737,6,1114785170,0,3241098580,0,46760,0,6,299,242
3025,2861,738,6,1114880017,0,3241207142,0,46753,0,6,299,242
3026,2862,739,6,1114974866,0,3241316045,0,46746,0,6,299,242
3027,2863,740,6,1115069719,0,3241425285,0,46740,0,6,299,242
3028,2864,741,6,1115164577,0,3241534863,0,46733,0,6,299,242
3029,2865,742,6,1115259448,0,3241644775,0,46727,0,6,299,242
3030,2866,743,6,1115354340,0,3241755023,0,46721,0,6,299,242
3031,2867,744,6,1115449246,0,3241865601,0,46714,0,6,299,242
3032,2868,745,6,1115544179,0,3241976512,0,46708,0,6,299,242
3033,2869,746,6,1115639140,0,3242087750,0,46702,0,6,299,242
3034,2870,747,6,1115709499,0,3242199317,0,46696,0,6,299,242
3035,2871,748,6,1115757014,0,3242311208,0,46690,0,6,299,242
3036,2872,749,6,1115804550,0,3242423426,0,46684,0,6,299,242
3037,2873,750,6,1115852108,0,3242535963,0,46679,0,6,299,242
3038,2874,751,6,1115899693,0,3242648827,0,46673,0,6,299,242
3039,2875,752,6,1115947301,0,3242762007,0,46667,0,6,299,242
3040,2876,753,6,1115994940,0,3242875503,0,46662,0,6,299,242
3041,2877,754,6,1116042608,0,3242989319,0,46657,0,6,299,242
3042,2878,755,6,1116090309,0,3243103445,0,46651,0,6,299,242
3043,2879,756,6,1116138047,0,3243217887,0,46646,0,6,299,242
3044,2880,757,6,1116185822,0,3243332644,0,46641,0,6,299,242
3045,2881,758,6,1116233635,0,3243447709,0,46636,0,6,299,242
3046,2882,759,6,1116281491,0,3243563081,0,46631,0,6,299,242
3047,2883,760,6,1116329386,0,3243678758,0,46626,0,6,299,242
3048,2884,761,6,1116377330,0,3243794742,0,46621,0,6,299,242
3049,2885,762,6,1116425319,0,3243911029,0,46617,0,6,299,242
3050,2886,763,6,1116473359,0,3244027621,0,46612,0,6,299,242
3051,2887,764,6,1116521451,0,3244144513,0,46608,0,6,299,242
3052,2888,765,6,1116569595,0,3244261703,0,46603,0,6,299,242
3053,2889,766,6,1116617796,0,3244379189,0,46599,0,6,299,242
3054,2890,767,6,1116666055,0,3244496969,0,46595,0,6,299,242
3055,2891,768,6,1116714371,0,3244615047,0,46591,0,6,299,242
3056,2892,769,6,1116762751,0,3244733416,0,46587,0,6,299,242
3057,2893,770,6,1116811197,0,3244852079,0,46583,0,6,299,242
3058,2894,771,6,1116859704,0,3244971026,0,46579,0,6,299,242
3059,2895,772,6,1116908283,0,3245090262,0,46576,0,6,299,242
3060,2896,773,6,1116956931,0,3245209785,0,46572,0,6,299,242
3061,2897,774,6,1117005651,0,3245329593,0,46569,0,6,299,242
3062,2898,775,6,1117054445,0,3245449683,0,46565,0,6,299,242
3063,2899,776,6,1117103314,0,3245570059,0,46562,0,6,299,242
3064,2900,777,6,1117152264,0,3245690707,0,46559,0,6,299,242
3065,2901,778,6,1117201293,0,3245811635,0,46556,0,6,299,242
3066,2902,779,6,1117250405,0,3245932841,0,46553,0,6,299,242
3067,2903,780,6,1117299602,0,3246054323,0,46550,0,6,299,242
3068,2904,781,6,1117348885,0,3246176079,0,46548,0,6,299,242
3069,2905,782,6,1117398256,0,3246298106,0,46545,0,6,299,242
3070,2906,783,6,1117447720,0,3246405848,0,46543,0,6,299,242
3071,2907,784,6,1117497274,0,3246467131,0,46540,0,6,299,242
3072,2908,785,6,1117546926,0,3246528545,0,46538,0,6,299,242
3073,2909,786,6,1117596673,0,3246590095,0,46536,0,6,299,242
3074,2910,787,6,1117646519,0,3246651776,0,46534,0,6,299,242
3075,2911,788,6,1117696468,0,3246713589,0,46532,0,6,299,242
3076,2912,789,6,1117746519,0,3246775532,0,46530,0,6,299,242
3077,2913,790,6,1117796675,0,3246837603,0,46529,0,6,299,242
3078,2914,791,6,1117846940,0,3246899802,0,46527,0,6,299,242
3079,2915,792,6,1117897311,0,3246962131,0,46526,0,6,299,242
3080,2916,793,6,1117947797,0,3247024585,0,46524,0,6,299,242
3081,2917,794,6,1117998394,0,3247087168,0,46523,0,6,299,242
3082,2918,795,6,1118049108,0,3247149875,0,46522,0,6,299,242
3083,2919,796,6,1118099942,0,3247212707,0,46521,0,6,299,242
3084,2920,797,6,1118150892,0,3247275661,0,46521,0,6,299,242
3085,2921,798,6,1118201965,0,3247338742,0,46520,0,6,299,242
3086,2922,799,6,1118253164,0,3247401945,0,46519,0,6,299,242
3087,2923,800,6,1118304484,0,3247465268,0,46519,0,6,299,242
3088,2924,801,6,1118355935,0,3247528710,0,46519,0,6,299,242
3089,2925,802,6,1118407516,0,3247592272,0,46518,0,6,299,242
3090,2926,803,6,1118459231,0,3247655955,0,46518,0,6,299,242
3091,2927,804,6,1118511079,0,3247719757,0,46518,0,6,299,242
3092,2928,805,6,1118563062,0,3247783678,0,46519,0,6,299,242
3093,2929,806,6,1118615184,0,3247847713,0,46519,0,6,299,242
3094,2930,807,6,1118667448,0,3247911863,0,46519,0,6,299,242
3095,2931,808,6,1118719850,0,3247976129,0,46520,0,6,299,242
3096,2932,809,6,1118772402,0,3248040510,0,46521,0,6,299,242
3097,2933,810,6,1118825098,0,3248105005,0,46522,0,6,299,242
3098,2934,811,6,1118877944,0,3248169615,0,46523,0,6,299,242
3099,2935,812,6,1118930941,0,3248234335,0,46524,0,6,299,242
3100,2936,813,6,1118984090,0,3248299164,0,46525,0,6,299,242
3101,2937,814,6,1119037392,0,3248364104,0,46527,0,6,299,242
3102,2938,815,6,1119090856,0,3248429154,0,46528,0,6,299,242
3103,2939,816,6,1119144472,0,3248494315,0,46530,0,6,299,242
3104,2940,817,6,1119198255,0,3248559585,0,46532,0,6,299,242
3105,2941,818,6,1119252202,0,3248624959,0,46534,0,6,299,242
3106,2942,819,6,1119306308,0,3248690439,0,46536,0,6,299,242
3107,2943,820,6,1119360588,0,3248756025,0,46538,0,6,299,242
3108,2944,821,6,1119415033,0,3248821716,0,46540,0,6,299,242
3109,2945,822,6,1119469650,0,3248887512,0,46543,0,6,299,242
3110,2946,823,6,1119524443,0,3248953413,0,46546,0,6,299,242
3111,2947,824,6,1119579406,0,3249019413,0,46548,0,6,299,242
3112,2948,825,6,1119634554,0,3249085516,0,46551,0,6,299,242
3113,2949,826,6,1119689879,0,3249151718,0,46554,0,6,299,242
3114,2950,827,6,1119745382,0,3249218023,0,46558,0,6,299,242
3115,2951,828,6,1119801075,0,3249284427,0,46561,0,6,299,242
3116,2952,829,6,1119856950,0,3249350928,0,46565,0,6,299,242
3117,2953,830,6,1119913013,0,3249417528,0,46568,0,6,299,242
3118,2954,831,6,1119969270,0,3249484222,0,46572,0,6,299,242
3119,2955,832,6,1120025712,0,3249551013,0,46576,0,6,299,242
3120,2956,833,6,1120082355,0,3249617903,0,46580,0,6,299,242
3121,2957,834,6,1120139195,0,3249684882,0,46585,0,6,299,242
3122,2958,835,6,1120196226,0,3249751961,0,46589,0,6,299,242
3123,2959,836,6,1120253465,0,3249819129,0,46594,0,6,299,242
3124,2960,837,6,1120310902,0,3249886389,0,46599,0,6,299,242
3125,2961,838,6,1120368544,0,3249953740,0,46604,0,6,299,242
3126,2962,839,6,1120426396,0,3250021184,0,46609,0,6,299,242
3127,2963,840,6,1120484450,0,3250088714,0,46614,0,6,299,242
3128,2964,841,6,1120542722,0,3250156338,0,46619,0,6,299,242
3129,2965,842,6,1120601206,0,3250224045,0,46625,0,6,299,242
3130,2966,843,6,1120659898,0,3250291840,0,46631,0,6,299,242
3131,2967,844,6,1120718815,0,3250359722,0,46637,0,6,299,242
3132,2968,845,6,1120777947,0,3250427693,0,46643,0,6,299,242
3133,2969,846,6,1120837299,0,3250495748,0,46649,0,6,299,242
3134,2970,847,6,1120896880,0,3250563885,0,46655,0,6,299,242
3135,2971,848,6,1120956677,0,3250632105,0,46662,0,6,299,242
3136,2972,849,6,1121016710,0,3250700407,0,46668,0,6,299,242
3137,2973,850,6,1121076972,0,3250768790,0,46675,0,7,299,299
3138,2974,851,7,1121137459,0,3250837258,0,46682,0,7,348,299
3139,2975,852,7,1121197905,0,3250906595,0,46690,0,7,348,299
3140,2976,853,7,1121258035,0,3250977566,0,46697,0,7,348,299
3141,2977,854,7,1121317853,0,3251050130,0,46705,0,7,348,299
3142,2978,855,7,1121377364,0,3251124242,0,46712,0,7,348,299
3143,2979,856,7,1121436574,0,3251199865,0,46720,0,7,348,299
3144,2980,857,7,1121495489,0,3251276953,0,46728,0,7,348,299
3145,2981,858,7,1121554113,0,3251355466,0,46736,0,7,348,299
3146,2982,859,7,1121612453,0,3251435361,0,46745,0,7,348,299
3147,2983,860,7,1121670513,0,3251516597,0,46753,0,7,348,299
3148,2984,861,7,1121728299,0,3251599133,0,46762,0,7,348,299
3149,2985,862,7,1121785816,0,3251682925,0,46771,0,7,348,299
3150,2986,863,7,1121843071,0,3251767933,0,46780,0,7,348,299
3151,2987,864,7,1121900068,0,3251854114,0,46789,0,7,348,299
3152,2988,865,7,1121956812,0,3251941428,0,46799,0,7,348,299
3153,2989,866,7,1122013310,0,3252029830,0,46808,0,7,348,299
3154,2990,867,7,1122069565,0,3252119281,0,46818,0,7,348,299
3155,2991,868,7,1122125585,0,3252209738,0,46828,0,7,348,299
3156,2992,869,7,1122181373,0,3252301159,0,46838,0,7,348,299
3157,2993,870,7,1122236937,0,3252393502,0,46849,0,7,348,299
3158,2994,871,7,1122292281,0,3252486726,0,46859,0,7,348,299
3159,2995,872,7,1122347410,0,3252580788,0,46870,0,7,348,299
3160,2996,873,7,1122402330,0,3252675648,0,46881,0,7,348,299
3161,2997,874,7,1122457046,0,3252771261,0,46892,0,7,348,299
3162,2998,875,7,1122511564,0,3252867588,0,46903,0,7,348,299
3163,2999,876,7,1122565889,0,3252964586,0,46915,0,7,348,299
3164,3000,877,7,1122620027,0,3253062214,0,46926,0,7,348,299
3165,3001,878,7,1122673982,0,3253160429,0,46938,0,7,348,299
3166,3002,879,7,1122727762,0,3253259190,0,46950,0,7,348,299
3167,3003,880,7,1122781368,0,3253358454,0,46962,0,7,348,299
3168,3004,881,7,1122834811,0,3253458181,0,46975,0,7,348,299
3169,3005,882,7,1122888091,0,3253558326,0,46987,0,7,348,299
3170,3006,883,7,1122941218,0,3253658852,0,47000,0,7,348,299
3171,3007,884,7,1122994194,0,3253759712,0,47013,0,7,348,299
3172,3008,885,7,1123047026,0,3253860867,0,47026,0,7,348,299
3173,3009,886,7,1123099719,0,3253962275,0,47040,0,7,348,299
3174,3010,887,7,1123152279,0,3254063893,0,47053,0,7,348,299
3175,3011,888,7,1123204711,0,3254165681,0,47067,0,7,348,299
3176,3012,889,7,1123257020,0,3254267595,0,47081,0,7,348,299
3177,3013,890,7,1123309212,0,3254369595,0,47095,0,7,348,299
3178,3014,891,7,1123361293,0,3254471639,0,47109,0,7,348,299
3179,3015,892,7,1123413266,0,3254573681,0,47124,0,7,348,299
3180,3016,893,7,1123465139,0,3254675687,0,47139,0,7,348,299
3181,3017,894,7,1123516918,0,3254777608,0,47154,0,7,348,299
3182,3018,895,7,1123568604,0,3254829655,0,47169,0,7,348,299
3183,3019,896,7,1123620207,0,3254880470,0,47184,0,7,348,299
3184,3020,897,7,1123671728,0,3254931182,0,47200,0,7,348,299
3185,3021,898,7,1123723177,0,3254981769,0,47215,0,7,348,299
3186,3022,899,7,1123774557,0,3255032210,0,47231,0,7,348,299
3187,3023,900,7,1123825875,0,3255082485,0,47248,0,7,348,299
3188,3024,901,7,1123877135,0,3255132571,0,47264,0,7,348,299
3189,3025,902,7,1123928341,0,3255182450,0,47281,0,7,348,299
3190,3026,903,7,1123979501,0,3255232099,0,47297,0,7,348,299
3191,3027,904,7,1124030620,0,3255281498,0,47314,0,7,348,299
3192,3028,905,7,1124077587,0,3255330624,0,47331,0,7,348,299
3193,3029,906,7,1124103113,0,3255379460,0,47349,0,7,348,299
3194,3030,907,7,1124128626,0,3255427981,0,47367,0,7,348,299
3195,3031,908,7,1124154129,0,3255476168,0,47384,0,7,348,299
3196,3032,909,7,1124179624,0,3255524001,0,47402,0,7,348,299
3197,3033,910,7,1124205117,0,3255571458,0,47421,0,7,348,299
3198,3034,911,7,1124230605,0,3255618517,0,47439,0,7,348,299
3199,3035,912,7,1124256097,0,3255665159,0,47458,0,7,348,299
3200,3036,913,7,1124281591,0,3255711362,0,47477,0,7,348,299
3201,3037,914,7,1124307090,0,3255757105,0,47496,0,7,348,299
3202,3038,915,7,1124332599,0,3255802367,0,47515,0,7,348,299
3203,3039,916,7,1124358120,0,3255847128,0,47535,0,7,348,299
3204,3040,917,7,1124383655,0,3255891367,0,47554,0,7,348,299
3205,3041,918,7,1124409207,0,3255935061,0,47574,0,7,348,299
3206,3042,919,7,1124434780,0,3255978192,0,47595,0,7,348,299
3207,3043,920,7,1124460374,0,3256020737,0,47615,0,7,348,299
3208,3044,921,7,1124485993,0,3256062676,0,47636,0,7,348,299
3209,3045,922,7,1124511641,0,3256103989,0,47657,0,7,348,299
3210,3046,923,7,1124537319,0,3256144653,0,47678,0,7,348,299
3211,3047,924,7,1124563031,0,3256184648,0,47699,0,7,348,299
3212,3048,925,7,1124588778,0,3256223953,0,47721,0,7,348,299
3213,3049,926,7,1124614564,0,3256262546,0,47742,0,7,348,299
3214,3050,927,7,1124640392,0,3256300409,0,47764,0,7,348,299
3215,3051,928,7,1124666262,0,3256337519,0,47787,0,7,348,299
3216,3052,929,7,1124692181,0,3256373854,0,47809,0,7,348,299
3217,3053,930,7,1124718149,0,3256409395,0,47832,0,7,348,299
3218,3054,931,7,1124744170,0,3256444122,0,47855,0,7,348,299
3219,3055,932,7,1124770244,0,3256478011,0,47878,0,7,348,299
3220,3056,933,7,1124796376,0,3256511043,0,47901,0,7,348,299
3221,3057,934,7,1124822570,0,3256543197,0,47925,0,7,348,299
3222,3058,935,7,1124848825,0,3256574452,0,47949,0,7,348,299
3223,3059,936,7,1124875147,0,3256604787,0,47973,0,7,348,299
3224,3060,937,7,1124901536,0,3256634180,0,47997,0,7,348,299
3225,3061,938,7,1124927997,0,3256662612,0,48022,0,7,348,299
3226,3062,939,7,1124954533,0,3256690060,0,48046,0,7,348,299
3227,3063,940,7,1124981144,0,3256716504,0,48071,0,7,348,299
3228,3064,941,7,1125007836,0,3256741925,0,48097,0,7,348,299
3229,3065,942,7,1125034608,0,3256766299,0,48122,0,7,348,299
3230,3066,943,7,1125061465,0,3256789607,0,48148,0,7,348,299
3231,3067,944,7,1125088410,0,3256811826,0,48174,0,7,348,299
3232,3068,945,7,1125115444,0,3256832938,0,48200,0,7,348,299
3233,3069,946,7,1125142571,0,3256852919,0,48227,0,7,348,299
3234,3070,947,7,1125169794,0,3256871751,0,48253,0,7,348,299
3235,3071,948,7,1125197115,0,3256889411,0,48280,0,7,348,299
3236,3072,949,7,1125224537,0,3256905879,0,48307,0,7,348,299
3237,3073,950,7,1125252062,0,3256921134,0,48335,0,7,348,299
3238,3074,951,7,1125279695,0,3256935154,0,48363,0,7,348,299
3239,3075,952,7,1125307436,0,3256947921,0,48391,0,7,348,299
3240,3076,953,7,1125335288,0,3256959411,0,48419,0,7,348,299
3241,3077,954,7,1125363254,0,3256969603,0,48447,0,7,348,299
3242,3078,955,7,1125391338,0,3256978479,0,48476,0,7,348,299
3243,3079,956,7,1125419541,0,3256986014,0,48505,0,7,348,299
3244,3080,957,7,1125447867,0,3256992192,0,48534,0,7,348,299
3245,3081,958,7,1125476319,0,3256996989,0,48563,0,7,348,299
3246,3082,959,7,1125504898,0,3257000383,0,48593,0,7,348,299
3247,3083,960,7,1125533607,0,3257002355,0,48623,0,8,348,348
3248,3084,961,8,1125562450,0,3257002885,0,48653,0,8,397,348
3249,3085,962,8,1125591284,0,3257002359,0,48684,0,8,397,348
3250,3086,963,8,1125619967,0,3257001180,0,48714,0,8,397,348
3251,3087,964,8,1125648499,0,3256999351,0,48745,0,8,397,348
3252,3088,965,8,1125676886,0,3256996873,0,48776,0,8,397,348
3253,3089,966,8,1125705129,0,3256993748,0,48808,0,8,397,348
3254,3090,967,8,1125733231,0,3256989977,0,48840,0,8,397,348
3255,3091,968,8,1125761194,0,3256985563,0,48872,0,8,397,348
3256,3092,969,8,1125789022,0,3256980507,0,48904,0,8,397,348
3257,3093,970,8,1125816717,0,3256974811,0,48936,0,8,397,348
3258,3094,971,8,1125844280,0,3256968477,0,48969,0,8,397,348
3259,3095,972,8,1125871716,0,3256961505,0,49002,0,8,397,348
3260,3096,973,8,1125899026,0,3256953899,0,49035,0,8,397,348
3261,3097,974,8,1125926213,0,3256945660,0,49069,0,8,397,348
3262,3098,975,8,1125953281,0,3256936788,0,49103,0,8,397,348
3263,3099,976,8,1125980231,0,3256927287,0,49137,0,8,397,348
3264,3100,977,8,1126007067,0,3256917159,0,49171,0,8,397,348
3265,3101,978,8,1126033789,0,3256906404,0,49206,0,8,397,348
3266,3102,979,8,1126060402,0,3256895024,0,49241,0,8,397,348
3267,3103,980,8,1126086908,0,3256883021,0,49276,0,8,397,348
3268,3104,981,8,1126113310,0,3256870396,0,49311,0,8,397,348
3269,3105,982,8,1126139610,0,3256857152,0,49347,0,8,397,348
3270,3106,983,8,1126165811,0,3256843291,0,49383,0,8,397,348
3271,3107,984,8,1126191915,0,3256828813,0,49419,0,8,397,348
3272,3108,985,8,1126217926,0,3256813722,0,49456,0,8,397,348
3273,3109,986,8,1126243844,0,3256798017,0,49493,0,8,397,348
3274,3110,987,8,1126269675,0,3256781702,0,49530,0,8,397,348
3275,3111,988,8,1126295420,0,3256764777,0,49567,0,8,397,348
3276,3112,989,8,1126321080,0,3256747245,0,49605,0,8,397,348
3277,3113,990,8,1126346661,0,3256729107,0,49643,0,8,397,348
3278,3114,991,8,1126372163,0,3256710366,0,49681,0,8,397,348
3279,3115,992,8,1126397590,0,3256691022,0,49719,0,8,397,348
3280,3116,993,8,1126422943,0,3256671077,0,49758,0,8,397,348
3281,3117,994,8,1126448226,0,3256650534,0,49797,0,8,397,348
3282,3118,995,8,1126473442,0,3256629393,0,49836,0,8,397,348
3283,3119,996,8,1126498593,0,3256607658,0,49876,0,8,397,348
3284,3120,997,8,1126523681,0,3256585329,0,49916,0,8,397,348
3285,3121,998,8,1126548709,0,3256562407,0,49956,0,8,397,348
3286,3122,999,8,1126573681,0,3256538895,0,49996,0,8,397,348
3287,3123,1000,8,1126598598,0,3256514796,0,50037,0,8,397,348
3288,3124,1001,8,1126623462,0,3256490109,0,50078,0,8,397,348
3289,3125,1002,8,1126648278,0,3256464837,0,50119,0,8,397,348
3290,3126,1003,8,1126673047,0,3256438981,0,50161,0,8,397,348
3291,3127,1004,8,1126697772,0,3256412545,0,50203,0,8,397,348
3292,3128,1005,8,1126722454,0,3256385528,0,50245,0,8,397,348
3293,3129,1006,8,1126747099,0,3256357933,0,50287,0,8,397,348
3294,3130,1007,8,1126771707,0,3256329762,0,50330,0,8,397,348
3295,3131,1008,8,1126796282,0,3256301017,0,50373,0,8,397,348
3296,3132,1009,8,1126820825,0,3256271697,0,50416,0,8,397,348
3297,3133,1010,8,1126845341,0,3256241807,0,50460,0,8,397,348
3298,3134,1011,8,1126869831,0,3256211348,0,50504,0,8,397,348
3299,3135,1012,8,1126894298,0,3256180320,0,50548,0,8,397,348
3300,3136,1013,8,1126918745,0,3256148726,0,50592,0,8,397,348
3301,3137,1014,8,1126943173,0,3256116569,0,50637,0,8,397,348
3302,3138,1015,8,1126967586,0,3256083848,0,50682,0,8,397,348
3303,3139,1016,8,1126991987,0,3256050566,0,50728,0,8,397,348
3304,3140,1017,8,1127016378,0,3256016726,0,50773,0,8,397,348
3305,3141,1018,8,1127040761,0,3255982328,0,50819,0,8,397,348
3306,3142,1019,8,1127065140,0,3255947374,0,50865,0,8,397,348
3307,3143,1020,8,1127089516,0,3255911866,0,50912,0,8,397,348
3308,3144,1021,8,1127113894,0,3255875805,0,50959,0,8,397,348
3309,3145,1022,8,1127138273,0,3255839195,0,51006,0,8,397,348
3310,3146,1023,8,1127162660,0,3255802035,0,51054,0,8,397,348
3311,3147,1024,8,1127187054,0,3255764328,0,51101,0,8,397,348
3312,3148,1025,8,1127211460,0,3255726076,0,51149,0,8,397,348
3313,3149,1026,8,1127235879,0,3255687280,0,51198,0,8,397,348
3314,3150,1027,8,1127260314,0,3255647942,0,51246,0,8,397,348
3315,3151,1028,8,1127284769,0,3255608064,0,51295,0,8,397,348
3316,3152,1029,8,1127309245,0,3255567647,0,51345,0,8,397,348
3317,3153,1030,8,1127333745,0,3255526694,0,51394,0,8,397,348
3318,3154,1031,8,1127358272,0,3255485206,0,51444,0,8,397,348
3319,3155,1032,8,1127382828,0,3255443183,0,51495,0,8,397,348
3320,3156,1033,8,1127407416,0,3255400631,0,51545,0,8,397,348
3321,3157,1034,8,1127432038,0,3255357546,0,51596,0,8,397,348
3322,3158,1035,8,1127456699,0,3255313936,0,51647,0,8,397,348
3323,3159,1036,8,1127481399,0,3255269797,0,51699,0,8,397,348
3324,3160,1037,8,1127506142,0,3255225135,0,51750,0,8,397,348
3325,3161,1038,8,1127530929,0,3255179949,0,51803,0,8,397,348
3326,3162,1039,8,1127555765,0,3255134241,0,51855,0,8,397,348
3327,3163,1040,8,1127580651,0,3255088015,0,51908,0,8,397,348
3328,3164,1041,8,1127605590,0,3255041270,0,51961,0,8,397,348
3329,3165,1042,8,1127630583,0,3254994010,0,52014,0,8,397,348
3330,3166,1043,8,1127655636,0,3254946234,0,52068,0,8,397,348
3331,3167,1044,8,1127680750,0,3254897947,0,52124,0,8,397,348
3332,3168,1045,8,1127705928,0,3254849148,0,52181,0,8,397,348
3333,3169,1046,8,1127731170,0,3254799841,0,52239,0,8,397,348
3334,3170,1047,8,1127756482,0,3254720147,0,52298,0,8,397,348
3335,3171,1048,8,1127781866,0,3254619504,0,52359,0,8,397,348
3336,3172,1049,8,1127807324,0,3254517853,0,52421,0,8,397,348
3337,3173,1050,8,1127832857,0,3254415199,0,52484,0,8,397,348
3338,3174,1051,8,1127858470,0,3254311543,0,52548,0,8,397,348
3339,3175,1052,8,1127884165,0,3254206889,0,52613,0,8,397,348
3340,3176,1053,8,1127909945,0,3254101239,0,52679,0,8,397,348
3341,3177,1054,8,1127935811,0,3253994601,0,52747,0,8,397,348
3342,3178,1055,8,1127961767,0,3253886973,0,52815,0,8,397,348
3343,3179,1056,8,1127987816,0,3253778362,0,52884,0,8,397,348
3344,3180,1057,8,1128013960,0,3253668773,0,52954,0,8,397,348
3345,3181,1058,8,1128040201,0,3253558202,0,53025,0,8,397,348
3346,3182,1059,8,1128066542,0,3253446661,0,53097,0,8,397,348
3347,3183,1060,8,1128092987,0,3253334146,0,53170,0,8,397,348
3348,3184,1061,8,1128119535,0,3253220670,0,53244,0,8,397,348
3349,3185,1062,8,1128146194,0,3253106228,0,53318,0,8,397,348
3350,3186,1063,8,1128172963,0,3252990824,0,53393,0,8,397,348
3351,3187,1064,8,1128199845,0,3252874466,0,53469,0,8,397,348
3352,3188,1065,8,1128226842,0,3252757154,0,53545,0,8,397,348
3353,3189,1066,8,1128253959,0,3252638893,0,53623,0,8,397,348
3354,3190,1067,8,1128281197,0,3252519686,0,53700,0,8,397,348
3355,3191,1068,8,1128308559,0,3252399536,0,53779,0,8,397,348
3356,3192,1069,8,1128336046,0,3252278447,0,53858,0,8,397,348
3357,3193,1070,8,1128363664,0,3252156422,0,53937,0,8,397,348
3358,3194,1071,8,1128391413,0,3252033464,0,54017,0,8,397,348
3359,3195,1072,8,1128419295,0,3251909579,0,54098,0,8,397,348
3360,3196,1073,8,1128447316,0,3251784767,0,54178,0,8,397,348
3361,3197,1074,8,1128475476,0,3251659033,0,54260,0,8,397,348
3362,3198,1075,8,1128503778,0,3251532381,0,54341,0,8,397,348
3363,3199,1076,8,1128532224,0,3251404814,0,54423,0,8,397,348
3364,3200,1077,8,1128560817,0,3251276335,0,54506,0,8,397,348
3365,3201,1078,8,1128589562,0,3251146946,0,54588,0,8,397,348
3366,3202,1079,8,1128618458,0,3251016658,0,54671,0,8,397,348
3367,3203,1080,8,1128647511,0,3250885462,0,54754,0,9,397,397
3368,3204,1081,9,1128676721,0,3250753371,0,54837,0,9,446,397
3369,3205,1082,9,1128705742,0,3250620785,0,54921,0,9,446,397
3370,3206,1083,9,1128734232,0,3250488080,0,55004,0,9,446,397
3371,3207,1084,9,1128762201,0,3250355224,0,55088,0,9,446,397
3372,3208,1085,9,1128789659,0,3250222181,0,55171,0,9,446,397
3373,3209,1086,9,1128816613,0,3250088919,0,55255,0,9,446,397
3374,3210,1087,9,1128843076,0,3249955405,0,55339,0,9,446,397
3375,3211,1088,9,1128869058,0,3249821605,0,55422,0,9,446,397
3376,3212,1089,9,1128894564,0,3249687484,0,55506,0,9,446,397
3377,3213,1090,9,1128919609,0,3249553009,0,55589,0,9,446,397
3378,3214,1091,9,1128944201,0,3249418146,0,55672,0,9,446,397
3379,3215,1092,9,1128968347,0,3249282863,0,55756,0,9,446,397
3380,3216,1093,9,1128992060,0,3249147126,0,55839,0,9,446,397
3381,3217,1094,9,1129015349,0,3249010900,0,55921,0,9,446,397
3382,3218,1095,9,1129038223,0,3248874152,0,56004,0,9,446,397
3383,3219,1096,9,1129060691,0,3248736847,0,56086,0,9,446,397
3384,3220,1097,9,1129082764,0,3248598954,0,56168,0,9,446,397
3385,3221,1098,9,1129104451,0,3248460438,0,56250,0,9,446,397
3386,3222,1099,9,1129125764,0,3248321264,0,56331,0,9,446,397
3387,3223,1100,9,1129146709,0,3248181402,0,56411,0,9,446,397
3388,3224,1101,9,1129167297,0,3248040815,0,56492,0,9,446,397
3389,3225,1102,9,1129187538,0,3247899471,0,56572,0,9,446,397
3390,3226,1103,9,1129207442,0,3247757334,0,56651,0,9,446,397
3391,3227,1104,9,1129227019,0,3247614374,0,56730,0,9,446,397
3392,3228,1105,9,1129246277,0,3247470555,0,56808,0,9,446,397
3393,3229,1106,9,1129265228,0,3247325844,0,56886,0,9,446,397
3394,3230,1107,9,1129283879,0,3247180207,0,56963,0,9,446,397
3395,3231,1108,9,1129302243,0,3247033610,0,57039,0,9,446,397
3396,3232,1109,9,1129320326,0,3246886020,0,57115,0,9,446,397
3397,3233,1110,9,1129338140,0,3246737404,0,57190,0,9,446,397
3398,3234,1111,9,1129355694,0,3246587727,0,57264,0,9,446,397
3399,3235,1112,9,1129372999,0,3246436956,0,57337,0,9,446,397
3400,3236,1113,9,1129390062,0,3246178821,0,57410,0,9,446,397
3401,3237,1114,9,1129406895,0,3245872702,0,57481,0,9,446,397
3402,3238,1115,9,1129423507,0,3245564192,0,57552,0,9,446,397
3403,3239,1116,9,1129439908,0,3245253225,0,57622,0,9,446,397
3404,3240,1117,9,1129456106,0,3244939733,0,57691,0,9,446,397
3405,3241,1118,9,1129472112,0,3244623650,0,57759,0,9,446,397
3406,3242,1119,9,1129487937,0,3244304907,0,57826,0,9,446,397
3407,3243,1120,9,1129503588,0,3243983439,0,57892,0,9,446,397
3408,3244,1121,9,1129519077,0,3243659178,0,57957,0,9,446,397
3409,3245,1122,9,1129534413,0,3243332054,0,58021,0,9,446,397
3410,3246,1123,9,1129549605,0,3243002002,0,58084,0,9,446,397
3411,3247,1124,9,1129564662,0,3242668956,0,58145,0,9,446,397
3412,3248,1125,9,1129579596,0,3242332845,0,58205,0,9,446,397
3413,3249,1126,9,1129594415,0,3241993604,0,58265,0,9,446,397
3414,3250,1127,9,1129609129,0,3241651165,0,58322,0,9,446,397
3415,3251,1128,9,1129623748,0,3241305463,0,58379,0,9,446,397
3416,3252,1129,9,1129638281,0,3240956430,0,58434,0,9,446,397
3417,3253,1130,9,1129652738,0,3240603994,0,58488,0,9,446,397
3418,3254,1131,9,1129667130,0,3240248094,0,58541,0,9,446,397
3419,3255,1132,9,1129681465,0,3239888658,0,58592,0,9,446,397
3420,3256,1133,9,1129695753,0,3239525622,0,58641,0,9,446,397
3421,3257,1134,9,1129710005,0,3239158916,0,58690,0,9,446,397
3422,3258,1135,9,1129724229,0,3238788476,0,58736,0,9,446,397
3423,3259,1136,9,1129738434,0,3238414232,0,58781,0,9,446,397
3424,3260,1137,9,1129752632,0,3238036117,0,58825,0,9,446,397
3425,3261,1138,9,1129766831,0,3237305444,0,58867,0,9,446,397
3426,3262,1139,9,1129781042,0,3236533334,0,58907,0,9,446,397
3427,3263,1140,9,1129795274,0,3235753070,0,58946,0,9,446,397
3428,3264,1141,9,1129809537,0,3234964533,0,58983,0,9,446,397
3429,3265,1142,9,1129823840,0,3234167579,0,59019,0,9,446,397
3430,3266,1143,9,1129838193,0,3233362074,0,59055,0,9,446,397
3431,3267,1144,9,1129852606,0,3232547896,0,59091,0,9,446,397
3432,3268,1145,9,1129867088,0,3231724895,0,59127,0,9,446,397
3433,3269,1146,9,1129881650,0,3230892935,0,59164,0,9,446,397
3434,3270,1147,9,1129896300,0,3230051907,0,59200,0,9,446,397
3435,3271,1148,9,1129911049,0,3228789209,0,59236,0,9,446,397
3436,3272,1149,9,1129925905,0,3227069961,0,59272,0,9,446,397
3437,3273,1150,9,1129940880,0,3225331748,0,59308,0,10,446,446
3438,3274,1151,10,1129955982,0,3223574281,0,59344,0,10,495,446
3439,3275,1152,10,1129971066,0,3221811571,0,59380,0,10,495,446
3440,3276,1153,10,1129985977,0,3218889804,0,59416,0,10,495,446
3441,3277,1154,10,1130000722,0,3215398984,0,59452,0,10,495,446
3442,3278,1155,10,1130015298,0,3211012538,0,59488,0,10,495,446
3443,3279,1156,10,1130029712,0,3203743819,0,59524,0,10,495,446
3444,3280,1157,10,1130043960,0,3180101358,0,59560,0,10,495,446
3445,3281,1158,10,1130058050,0,1051596337,0,59596,0,10,495,446
3446,3282,1159,10,1130071981,0,1061106864,0,59632,0,10,495,446
3447,3283,1160,10,1130085756,0,1066629231,0,59668,0,10,495,446
3448,3284,1161,10,1130099376,0,1070014927,0,59704,0,10,495,446
3449,3285,1162,10,1130112844,0,1073387630,0,59739,0,10,495,446
3450,3286,1163,10,1130126161,0,1075244835,0,59775,0,10,495,446
3451,3287,1164,10,1130139331,0,1076918958,0,59811,0,10,495,446
3452,3288,1165,10,1130152354,0,1078587346,0,59846,0,10,495,446
3453,3289,1166,10,1130165234,0,1080250248,0,59882,0,10,495,446
3454,3290,1167,10,1130177972,0,1081907928,0,59917,0,10,495,446
3455,3291,1168,10,1130190570,0,1082845532,0,59953,0,10,495,446
3456,3292,1169,10,1130203030,0,1083669522,0,59988,0,10,495,446
3457,3293,1170,10,1130215353,0,1084491279,0,60023,0,10,495,446
3458,3294,1171,10,1130227545,0,1085310930,0,60059,0,10,495,446
3459,3295,1172,10,1130239603,0,1086128599,0,60094,0,10,495,446
3460,3296,1173,10,1130251533,0,1086944416,0,60129,0,10,495,446
3461,3297,1174,10,1130263334,0,1087758503,0,60164,0,10,495,446
3462,3298,1175,10,1130275011,0,1088570992,0,60199,0,10,495,446
3463,3299,1176,10,1130286562,0,1089382007,0,60234,0,10,495,446
3464,3300,1177,10,1130297994,0,1090191679,0,60268,0,10,495,446
3465,3301,1178,10,1130309307,0,1090759582,0,60303,0,10,495,446
3466,3302,1179,10,1130320502,0,1091163261,0,60338,0,10,495,446
3467,3303,1180,10,1130331582,0,1091566456,0,60372,0,10,495,446
3468,3304,1181,10,1130342549,0,1091969230,0,60406,0,10,495,446
3469,3305,1182,10,1130353405,0,1092371649,0,60441,0,10,495,446
3470,3306,1183,10,1130364152,0,1092773774,0,60475,0,10,495,446
3471,3307,1184,10,1130374792,0,1093175668,0,60509,0,10,495,446
3472,3308,1185,10,1130385326,0,1093577397,0,60543,0,10,495,446
3473,3309,1186,10,1130395760,0,1093979021,0,60577,0,10,495,446
3474,3310,1187,10,1130406091,0,1094380609,0,60611,0,10,495,446
3475,3311,1188,10,1130416324,0,1094782218,0,60644,0,10,495,446
3476,3312,1189,10,1130426459,0,1095183916,0,60678,0,10,495,446
3477,3313,1190,10,1130436503,0,1095585762,0,60711,0,10,495,446
3478,3314,1191,10,1130446451,0,1095987823,0,60744,0,10,495,446
3479,3315,1192,10,1130456311,0,1096390162,0,60778,0,10,495,446
3480,3316,1193,10,1130466081,0,1096792840,0,60811,0,10,495,446
3481,3317,1194,10,1130475766,0,1097195921,0,60844,0,10,495,446
3482,3318,1195,10,1130485365,0,1097599470,0,60876,0,10,495,446
3483,3319,1196,10,1130494884,0,1098003551,0,60909,0,10,495,446
3484,3320,1197,10,1130504320,0,1098408227,0,60941,0,10,495,446
3485,3321,1198,10,1130513680,0,1098813556,0,60974,0,10,495,446
3486,3322,1199,10,1130522965,0,1099063628,0,61006,0,10,495,446
3487,3323,1200,10,1130532175,0,1099267045,0,61038,0,10,495,446
3488,3324,1201,10,1130541312,0,1099470888,0,61070,0,10,495,446
3489,3325,1202,10,1130550380,0,1099675186,0,61102,0,10,495,446
3490,3326,1203,10,1130559381,0,1099879969,0,61133,0,10,495,446
3491,3327,1204,10,1130568315,0,1100085271,0,61165,0,10,495,446
3492,3328,1205,10,1130577186,0,1100291124,0,61196,0,10,495,446
3493,3329,1206,10,1130585996,0,1100497561,0,61227,0,10,495,446
3494,3330,1207,10,1130594746,0,1100704611,0,61258,0,10,495,446
3495,3331,1208,10,1130603439,0,1100912304,0,61289,0,10,495,446
3496,3332,1209,10,1130612076,0,1101120677,0,61319,0,10,495,446
3497,3333,1210,10,1130620659,0,1101329756,0,61350,0,10,495,446
3498,3334,1211,10,1130629192,0,1101539578,0,61380,0,10,495,446
3499,3335,1212,10,1130637676,0,1101750172,0,61410,0,10,495,446
3500,3336,1213,10,1130646112,0,1101961568,0,61440,0,10,495,446
3501,3337,1214,10,1130654504,0,1102173801,0,61470,0,10,495,446
3502,3338,1215,10,1130662852,0,1102386900,0,61499,0,10,495,446
3503,3339,1216,10,1130671159,0,1102600900,0,61529,0,10,495,446
3504,3340,1217,10,1130679427,0,1102815831,0,61558,0,10,495,446
3505,3341,1218,10,1130687658,0,1103031721,0,61587,0,10,495,446
3506,3342,1219,10,1130695857,0,1103248608,0,61615,0,10,495,446
3507,3343,1220,10,1130704020,0,1103466518,0,61644,0,10,495,446
3508,3344,1221,10,1130712153,0,1103685487,0,61672,0,10,495,446
3509,3345,1222,10,1130720258,0,1103905546,0,61700,0,10,495,446
3510,3346,1223,10,1130728336,0,1104126724,0,61728,0,10,495,446
3511,3347,1224,10,1130736391,0,1104349057,0,61756,0,10,495,446
3512,3348,1225,10,1130744423,0,1104572569,0,61784,0,10,495,446
3513,3349,1226,10,1130752433,0,1104797300,0,61811,0,10,495,446
3514,3350,1227,10,1130760426,0,1105023278,0,61838,0,10,495,446
3515,3351,1228,10,1130768403,0,1105250537,0,61865,0,10,495,446
3516,3352,1229,10,1130776366,0,1105479107,0,61891,0,10,495,446
3517,3353,1230,10,1130784316,0,1105709014,0,61918,0,10,495,446
3518,3354,1231,10,1130792256,0,1105940300,0,61944,0,10,495,446
3519,3355,1232,10,1130800189,0,1106172988,0,61970,0,10,495,446
3520,3356,1233,10,1130808116,0,1106407117,0,61996,0,10,495,446
3521,3357,1234,10,1130816037,0,1106642716,0,62021,0,10,495,446
3522,3358,1235,10,1130823959,0,1106879812,0,62046,0,10,495,446
3523,3359,1236,10,1130831880,0,1107118445,0,62071,0,10,495,446
3524,3360,1237,10,1130839804,0,1107327446,0,62096,0,10,495,446
3525,3361,1238,10,1130847732,0,1107448343,0,62121,0,10,495,446
3526,3362,1239,10,1130855665,0,1107570054,0,62145,0,10,495,446
3527,3363,1240,10,1130863608,0,1107692590,0,62169,0,10,495,446
3528,3364,1241,10,1130871562,0,1107815976,0,62192,0,10,495,446
3529,3365,1242,10,1130879528,0,1107940221,0,62216,0,10,495,446
3530,3366,1243,10,1130887508,0,1108065345,0,62239,0,10,495,446
3531,3367,1244,10,1130895506,0,1108191361,0,62262,0,10,495,446
3532,3368,1245,10,1130903523,0,1108318284,0,62285,0,10,495,446
3533,3369,1246,10,1130911559,0,1108446135,0,62307,0,10,495,446
3534,3370,1247,10,1130919619,0,1108574923,0,62329,0,10,495,446
3535,3371,1248,10,1130927704,0,1108704670,0,62351,0,10,495,446
3536,3372,1249,10,1130935818,0,1108835391,0,62373,0,10,495,446
3537,3373,1250,10,1130943958,0,1108967096,0,62394,0,11,495,495
3538,3374,1251,11,1130952130,0,1109099806,0,62415,0,11,520,495
3539,3375,1252,11,1130960207,953392926,1109232804,0,62436,0,11,520,495
3540,3376,1253,11,1130968062,970077063,1109365366,0,62456,0,11,520,495
3541,3377,1254,11,1130975700,980082926,1109497494,0,62476,0,11,520,495
3542,3378,1255,11,1130983122,986668121,1109629193,0,62496,0,11,520,495
3543,3379,1256,11,1130990334,992011287,1109760467,0,62516,0,11,520,495
3544,3380,1257,11,1130997339,996545998,1109891318,0,62535,0,11,520,495
3545,3381,1258,11,1131004142,1000046484,1110021752,0,62554,0,11,520,495
3546,3382,1259,11,1131010743,1003073018,1110151770,0,62572,0,11,520,495
