motion,coma,char,since,px,py,pz,ez,ey,exvx0,vy0,vz0,bz0,by0,bx0,tx0,ty0,tz0,lo0,up0,fl0,vx1,vy1,vz1,bz1,by1,bx1,tx1,ty1,tz1,lo1,up1,fl1,vx2,vy2,vz2,bz2,by2,bx2,tx2,ty2,tz2,lo2,up2,fl2,vx3,vy3,vz3,bz3,by3,bx3,tx3,ty3,tz3,lo3,up3,fl3
278,16,6,0,0,1.09072006,0,0,62588,0,0.246340007,0.0445500016,-0.313600004,16384,0,62672,0.169700608,1.26687932,0.529185414,0.391730011,0.392399997,0,0.246340007,0.0450000018,0.313600004,16384,0,7271,-0.462794334,0.978342116,0.0679905638,0.392069995,0.392069995,0,0.291200012,0,-0.156800002,49152,60075,0,0.174428001,0.238480017,0.460186005,0.393200010,0.346399993,1,0.291200012,0,0.156800002,49152,1820,0,-0.113600001,0.221120998,-0.236425996,0.393200010,0.346399993,1
278,2,0,1,0,1.07128000,0,0,65512,0,0.246340007,0.0445500016,-0.313600004,16384,0,62672,0.246197999,1.22833395,0.541694999,0.391730011,0.392399997,0,0.246340007,0.0450000018,0.313600004,16384,0,7271,-0.459526986,0.950743020,0.0710169971,0.392069995,0.392069995,0,0.291200012,0,-0.156800002,49152,60075,0,0.174428001,0.232084006,0.460186005,0.393200010,0.346399993,1,0.291200012,0,0.156800002,49152,1820,0,-0.113600001,0.221120998,-0.236425996,0.393200010,0.346399993,1
278,3,0,2,0,1.08256018,0,0,65336,0,0.246340007,0.0445500016,-0.313600004,16384,0,62672,0.241593093,1.23065412,0.541258454,0.391730011,0.392399997,0,0.246340007,0.0450000018,0.313600004,16384,0,7271,-0.459640980,0.952278912,0.0709113777,0.392069995,0.392069995,0,0.291200012,0,-0.156800002,49152,60075,0,0.174428001,0.238334432,0.460186005,0.393200010,0.346399993,1,0.291200012,0,0.156800002,49152,1820,0,-0.113600001,0.221120998,-0.236425996,0.393200010,0.346399993,1
278,4,0,3,0,1.09072018,0,0,65194,0,0.246340007,0.0445500016,-0.313600004,16384,0,62672,0.237870455,1.23252988,0.540749788,0.391730011,0.392399997,0,0.246340007,0.0450000018,0.313600004,16384,0,7271,-0.459773809,0.954016924,0.0707883313,0.392069995,0.392069995,0,0.291200012,0,-0.156800002,49152,60075,0,0.174428001,0.242856026,0.460186005,0.393200010,0.346399993,1,0.291200012,0,0.156800002,49152,1820,0,-0.113600001,0.221120998,-0.236425996,0.393200010,0.346399993,1
278,5,0,4,0,1.09960020,0,0,65022,0,0.246340007,0.0445500016,-0.313600004,16384,0,62672,0.233373150,1.23479605,0.540080547,0.391730011,0.392399997,0,0.246340007,0.0450000018,0.313600004,16384,0,7271,-0.459948599,0.956239939,0.0706264228,0.392069995,0.392069995,0,0.291200012,0,-0.156800002,49152,60075,0,0.174428001,0.247776553,0.460186005,0.393200010,0.346399993,1,0.291200012,0,0.156800002,49152,1820,0,-0.113600001,0.221120998,-0.236425996,0.393200010,0.346399993,1
278,6,0,5,0,1.10848022,0,0,64825,0,0.246340007,0.0445500016,-0.313600004,16384,0,62672,0.228230283,1.23738742,0.539275467,0.391730011,0.392399997,0,0.246340007,0.0450000018,0.313600004,16384,0,7271,-0.460158914,0.958826780,0.0704316348,0.392069995,0.392069995,0,0.291200012,0,-0.156800002,49152,60075,0,0.174428001,0.252697110,0.460186005,0.393200010,0.346399993,1,0.291200012,0,0.156800002,49152,1820,0,-0.113600001,0.221120998,-0.236425996,0.393200010,0.346399993,1
278,7,0,6,0,1.11664021,0,0,64609,0,0.246340007,0.0445500016,-0.313600004,16384,0,62672,0.222571000,1.24023902,0.538359106,0.391730011,0.392399997,0,0.246340007,0.0450000018,0.313600004,16384,0,7271,-0.460398227,0.961656034,0.0702099428,0.392069995,0.392069995,0,0.291200012,0,-0.156800002,49152,60075,0,0.174428001,0.257218689,0.460186005,0.393200010,0.346399993,1,0.291200012,0,0.156800002,49152,1820,0,-0.113600001,0.221120998,-0.236425996,0.393200010,0.346399993,1
278,8,0,7,0,1.12336016,0,0,64378,0,0.246340007,0.0445500016,-0.313600004,16384,0,62672,0.216524363,1.24328578,0.537356257,0.391730011,0.392399997,0,0.246340007,0.0450000018,0.313600004,16384,0,7271,-0.460660160,0.964606643,0.0699673295,0.392069995,0.392069995,0,0.291200012,0,-0.156800002,49152,60075,0,0.174428001,0.260942340,0.460186005,0.393200010,0.346399993,1,0.291200012,0,0.156800002,49152,1820,0,-0.113600001,0.221120998,-0.236425996,0.393200010,0.346399993,1
278,9,0,8,0,1.12792015,0,0,64137,0,0.246340007,0.0445500016,-0.313600004,16384,0,62672,0.210219502,1.24646270,0.536291659,0.391730011,0.392399997,0,0.246340007,0.0450000018,0.313600004,16384,0,7271,-0.460938245,0.967557192,0.0697097704,0.392069995,0.392069995,0,0.291200012,0,-0.156800002,49152,60075,0,0.174428001,0.263469130,0.460186005,0.393200010,0.346399993,1,0.291200012,0,0.156800002,49152,1820,0,-0.113600001,0.221120998,-0.236425996,0.393200010,0.346399993,1
278,10,0,9,0,1.12960005,0,0,63891,0,0.246340007,0.0445500016,-0.313600004,16384,0,62672,0.203785539,1.24970472,0.535189986,0.391730011,0.392399997,0,0.246340007,0.0450000018,0.313600004,16384,0,7271,-0.461225957,0.970386446,0.0694432482,0.392069995,0.392069995,0,0.291200012,0,-0.156800002,49152,60075,0,0.174428001,0.264400005,0.460186005,0.393200010,0.346399993,1,0.291200012,0,0.156800002,49152,1820,0,-0.113600001,0.221120998,-0.236425996,0.393200010,0.346399993,1
278,11,0,10,0,1.12792003,0,0,63645,0,0.246340007,0.0445500016,-0.313600004,16384,0,62672,0.197351590,1.25294662,0.534075975,0.391730011,0.392399997,0,0.246340007,0.0450000018,0.313600004,16384,0,7271,-0.461516976,0.972973228,0.0691737309,0.392069995,0.392069995,0,0.291200012,0,-0.156800002,49152,60075,0,0.174428001,0.263280004,0.460186005,0.393200010,0.346399993,1,0.291200012,0,0.156800002,49152,1820,0,-0.113600001,0.221120998,-0.236425996,0.393200010,0.346399993,1
278,12,0,11,0,1.12336004,0,0,63404,0,0.246340007,0.0445500016,-0.313600004,16384,0,62672,0.191046730,1.25612354,0.532974303,0.391730011,0.392399997,0,0.246340007,0.0450000018,0.313600004,16384,0,7271,-0.461804688,0.975196242,0.0689072087,0.392069995,0.392069995,0,0.291200012,0,-0.156800002,49152,60075,0,0.174428001,0.260239989,0.460186005,0.393200010,0.346399993,1,0.291200012,0,0.156800002,49152,1820,0,-0.113600001,0.221120998,-0.236425996,0.393200010,0.346399993,1
278,13,0,12,0,1.11664009,0,0,63173,0,0.246340007,0.0445500016,-0.313600004,16384,0,62672,0.185000092,1.25917017,0.531909704,0.391730011,0.392399997,0,0.246340007,0.0450000018,0.313600004,16384,0,7271,-0.462082744,0.976934254,0.0686496496,0.392069995,0.392069995,0,0.291200012,0,-0.156800002,49152,60075,0,0.174428001,0.255760014,0.460186005,0.393200010,0.346399993,1,0.291200012,0,0.156800002,49152,1820,0,-0.113600001,0.221120998,-0.236425996,0.393200010,0.346399993,1
278,14,0,13,0,1.10847998,0,0,62956,0,0.246340007,0.0445500016,-0.313600004,16384,0,62672,0.179340780,1.26202190,0.530906916,0.391730011,0.392399997,0,0.246340007,0.0450000018,0.313600004,16384,0,7271,-0.462344706,0.978065848,0.0684070438,0.392069995,0.392069995,0,0.291200012,0,-0.156800002,49152,60075,0,0.174428001,0.250319988,0.460186005,0.393200010,0.346399993,1,0.291200012,0,0.156800002,49152,1820,0,-0.113600001,0.221120998,-0.236425996,0.393200010,0.346399993,1
278,15,0,14,0,1.09959996,0,0,62760,0,0.246340007,0.0445500016,-0.313600004,16384,0,62672,0.174197897,1.26461327,0.529990554,0.391730011,0.392399997,0,0.246340007,0.0450000018,0.313600004,16384,0,7271,-0.462584019,0.978470027,0.0681853518,0.392069995,0.392069995,0,0.291200012,0,-0.156800002,49152,60075,0,0.174428001,0.244400010,0.460186005,0.393200010,0.346399993,1,0.291200012,0,0.156800002,49152,1820,0,-0.113600001,0.221120998,-0.236425996,0.393200010,0.346399993,1
278,16,0,15,0,1.09072006,0,0,62588,0,0.246340007,0.0445500016,-0.313600004,16384,0,62672,0.169700608,1.26687932,0.529185414,0.391730011,0.392399997,0,0.246340007,0.0450000018,0.313600004,16384,0,7271,-0.462794334,0.978342116,0.0679905638,0.392069995,0.392069995,0,0.291200012,0,-0.156800002,49152,60075,0,0.174428001,0.238480017,0.460186005,0.393200010,0.346399993,1,0.291200012,0,0.156800002,49152,1820,0,-0.113600001,0.221120998,-0.236425996,0.393200010,0.346399993,1
278,17,0,16,0,1.08255994,0,0,62445,0,0.246340007,0.0445500016,-0.313600004,16384,0,62672,0.165977940,1.26875508,0.528516173,0.391730011,0.392399997,0,0.246340007,0.0450000018,0.313600004,16384,0,7271,-0.462969095,0.977972686,0.0678286552,0.392069995,0.392069995,0,0.291200012,0,-0.156800002,49152,60075,0,0.174428001,0.233040020,0.460186005,0.393200010,0.346399993,1,0.291200012,0,0.156800002,49152,1820,0,-0.113600001,0.221120998,-0.236425996,0.393200010,0.346399993,1
278,18,0,17,0,1.07584000,0,0,62338,0,0.246340007,0.0445500016,-0.313600004,16384,0,62672,0.163159043,1.27017558,0.528007507,0.391730011,0.392399997,0,0.246340007,0.0450000018,0.313600004,16384,0,7271,-0.463101953,0.977382600,0.0677056089,0.392069995,0.392069995,0,0.291200012,0,-0.156800002,49152,60075,0,0.174428001,0.228560016,0.460186005,0.393200010,0.346399993,1,0.291200012,0,0.156800002,49152,1820,0,-0.113600001,0.221120998,-0.236425996,0.393200010,0.346399993,1
278,19,0,18,0,1.07128000,0,0,62269,0,0.246340007,0.0445500016,-0.313600004,16384,0,62672,0.161373019,1.27107549,0.527684212,0.391730011,0.392399997,0,0.246340007,0.0450000018,0.313600004,16384,0,7271,-0.463186383,0.976592839,0.0676273927,0.392069995,0.392069995,0,0.291200012,0,-0.156800002,49152,60075,0,0.174428001,0.225520015,0.460186005,0.393200010,0.346399993,1,0.291200012,0,0.156800002,49152,1820,0,-0.113600001,0.221120998,-0.236425996,0.393200010,0.346399993,1
278,20,0,19,0,1.06959999,0,0,62246,0,0.246340007,0.0445500016,-0.313600004,16384,0,62672,0.160749003,1.27138996,0.527571023,0.391730011,0.392399997,0,0.246340007,0.0450000018,0.313600004,16384,0,7271,-0.463216007,0.975624561,0.0675999969,0.392069995,0.392069995,0,0.291200012,0,-0.156800002,49152,60075,0,0.174428001,0.224399999,0.460186005,0.393200010,0.346399993,1,0.291200012,0,0.156800002,49152,1820,0,-0.113600001,0.221120998,-0.236425996,0.393200010,0.346399993,1
278,21,0,20,0,1.07128000,0,0,62230,0,0.246340007,0.0445500016,-0.313600004,16384,0,62672,0.161326364,1.27105689,0.527695894,0.391730011,0.392399997,0,0.246340007,0.0450000018,0.313600004,16384,0,7271,-0.463216007,0.974498630,0.0675999969,0.392069995,0.392069995,0,0.291200012,0,-0.156800002,49152,60075,0,0.174428001,0.225520015,0.460186005,0.393200010,0.346399993,1,0.291200012,0,0.156800002,49152,1820,0,-0.113600001,0.221120998,-0.236425996,0.393200010,0.346399993,1
278,22,0,21,0,1.07584000,0,0,62185,0,0.246340007,0.0445500016,-0.313600004,16384,0,62672,0.162978753,1.27010345,0.528053403,0.391730011,0.392399997,0,0.246340007,0.0450000018,0.313600004,16384,0,7271,-0.463216007,0.973236144,0.0675999969,0.392069995,0.392069995,0,0.291200012,0,-0.156800002,49152,60075,0,0.174428001,0.228560016,0.460186005,0.393200010,0.346399993,1,0.291200012,0,0.156800002,49152,1820,0,-0.113600001,0.221120998,-0.236425996,0.393200010,0.346399993,1
278,23,0,22,0,1.08255994,0,0,62114,0,0.246340007,0.0445500016,-0.313600004,16384,0,62672,0.165586770,1.26859856,0.528617680,0.391730011,0.392399997,0,0.246340007,0.0450000018,0.313600004,16384,0,7271,-0.463216007,0.971857965,0.0675999969,0.392069995,0.392069995,0,0.291200012,0,-0.156800002,49152,60075,0,0.174428001,0.233040020,0.460186005,0.393200010,0.346399993,1,0.291200012,0,0.156800002,49152,1820,0,-0.113600001,0.221120998,-0.236425996,0.393200010,0.346399993,1
278,24,0,23,0,1.09072006,0,0,62021,0,0.246340007,0.0445500016,-0.313600004,16384,0,62672,0.169030949,1.26661122,0.529362857,0.391730011,0.392399997,0,0.246340007,0.0450000018,0.313600004,16384,0,7271,-0.463216007,0.970385373,0.0675999969,0.392069995,0.392069995,0,0.291200012,0,-0.156800002,49152,60075,0,0.174428001,0.238480017,0.460186005,0.393200010,0.346399993,1,0.291200012,0,0.156800002,49152,1820,0,-0.113600001,0.221120998,-0.236425996,0.393200010,0.346399993,1
278,25,0,24,0,1.09959996,0,0,61908,0,0.246340007,0.0445500016,-0.313600004,16384,0,62672,0.173191831,1.26421034,0.530263066,0.391730011,0.392399997,0,0.246340007,0.0450000018,0.313600004,16384,0,7271,-0.463216007,0.968839228,0.0675999969,0.392069995,0.392069995,0,0.291200012,0,-0.156800002,49152,60075,0,0.174428001,0.244400010,0.460186005,0.393200010,0.346399993,1,0.291200012,0,0.156800002,49152,1820,0,-0.113600001,0.221120998,-0.236425996,0.393200010,0.346399993,1
278,26,0,25,0,1.10847998,0,0,61779,0,0.246340007,0.0445500016,-0.313600004,16384,0,62672,0.177949950,1.26146483,0.531292498,0.391730011,0.392399997,0,0.246340007,0.0450000018,0.313600004,16384,0,7271,-0.463216007,0.967240572,0.0675999969,0.392069995,0.392069995,0,0.291200012,0,-0.156800002,49152,60075,0,0.174428001,0.250319988,0.460186005,0.393200010,0.346399993,1,0.291200012,0,0.156800002,49152,1820,0,-0.113600001,0.221120998,-0.236425996,0.393200010,0.346399993,1
278,27,0,26,0,1.11664009,0,0,61637,0,0.246340007,0.0445500016,-0.313600004,16384,0,62672,0.183185890,1.25844359,0.532425284,0.391730011,0.392399997,0,0.246340007,0.0450000018,0.313600004,16384,0,7271,-0.463216007,0.965610266,0.0675999969,0.392069995,0.392069995,0,0.291200012,0,-0.156800002,49152,60075,0,0.174428001,0.255760014,0.460186005,0.393200010,0.346399993,1,0.291200012,0,0.156800002,49152,1820,0,-0.113600001,0.221120998,-0.236425996,0.393200010,0.346399993,1
278,28,0,27,0,1.12336004,0,0,61486,0,0.246340007,0.0445500016,-0.313600004,16384,0,62672,0.188780174,1.25521564,0.533635616,0.391730011,0.392399997,0,0.246340007,0.0450000018,0.313600004,16384,0,7271,-0.463216007,0.963969588,0.0675999969,0.392069995,0.392069995,0,0.291200012,0,-0.156800002,49152,60075,0,0.174428001,0.260239989,0.460186005,0.393200010,0.346399993,1,0.291200012,0,0.156800002,49152,1820,0,-0.113600001,0.221120998,-0.236425996,0.393200010,0.346399993,1
278,29,0,28,0,1.12792003,0,0,61328,0,0.246340007,0.0445500016,-0.313600004,16384,0,62672,0.194613382,1.25184977,0.534897625,0.391730011,0.392399997,0,0.246340007,0.0450000018,0.313600004,16384,0,7271,-0.463216007,0.962339342,0.0675999969,0.392069995,0.392069995,0,0.291200012,0,-0.156800002,49152,60075,0,0.174428001,0.263280004,0.460186005,0.393200010,0.346399993,1,0.291200012,0,0.156800002,49152,1820,0,-0.113600001,0.221120998,-0.236425996,0.393200010,0.346399993,1
278,30,0,29,0,1.12960005,0,0,61167,0,0.246340007,0.0445500016,-0.313600004,16384,0,62672,0.200566024,1.24841499,0.536185503,0.391730011,0.392399997,0,0.246340007,0.0450000018,0.313600004,16384,0,7271,-0.463216007,0.960740626,0.0675999969,0.392069995,0.392069995,0,0.291200012,0,-0.156800002,49152,60075,0,0.174428001,0.264400005,0.460186005,0.393200010,0.346399993,1,0.291200012,0,0.156800002,49152,1820,0,-0.113600001,0.221120998,-0.236425996,0.393200010,0.346399993,1
278,31,0,30,0,1.12792003,0,0,61005,0,0.246340007,0.0445500016,-0.313600004,16384,0,62672,0.206518650,1.24498022,0.537473381,0.391730011,0.392399997,0,0.246340007,0.0450000018,0.313600004,16384,0,7271,-0.463216007,0.959194481,0.0675999969,0.392069995,0.392069995,0,0.291200012,0,-0.156800002,49152,60075,0,0.174428001,0.263280004,0.460186005,0.393200010,0.346399993,1,0.291200012,0,0.156800002,49152,1820,0,-0.113600001,0.221120998,-0.236425996,0.393200010,0.346399993,1
278,32,0,31,0,1.12336004,0,0,60848,0,0.246340007,0.0445500016,-0.313600004,16384,0,62672,0.212351844,1.24161446,0.538735390,0.391730011,0.392399997,0,0.246340007,0.0450000018,0.313600004,16384,0,7271,-0.463216007,0.957721889,0.0675999969,0.392069995,0.392069995,0,0.291200012,0,-0.156800002,49152,60075,0,0.174428001,0.260239989,0.460186005,0.393200010,0.346399993,1,0.291200012,0,0.156800002,49152,1820,0,-0.113600001,0.221120998,-0.236425996,0.393200010,0.346399993,1
278,33,0,32,0,1.11664009,0,0,60696,0,0.246340007,0.0445500016,-0.313600004,16384,0,62672,0.217946127,1.23838639,0.539945722,0.391730011,0.392399997,0,0.246340007,0.0450000018,0.313600004,16384,0,7271,-0.463216007,0.956343770,0.0675999969,0.392069995,0.392069995,0,0.291200012,0,-0.156800002,49152,60075,0,0.174428001,0.255760014,0.460186005,0.393200010,0.346399993,1,0.291200012,0,0.156800002,49152,1820,0,-0.113600001,0.221120998,-0.236425996,0.393200010,0.346399993,1
278,34,0,33,0,1.10847998,0,0,60555,0,0.246340007,0.0445500016,-0.313600004,16384,0,62672,0.223182082,1.23536527,0.541078508,0.391730011,0.392399997,0,0.246340007,0.0450000018,0.313600004,16384,0,7271,-0.463216007,0.955081224,0.0675999969,0.392069995,0.392069995,0,0.291200012,0,-0.156800002,49152,60075,0,0.174428001,0.250319988,0.460186005,0.393200010,0.346399993,1,0.291200012,0,0.156800002,49152,1820,0,-0.113600001,0.221120998,-0.236425996,0.393200010,0.346399993,1
278,35,0,34,0,1.09959996,0,0,60426,0,0.246340007,0.0445500016,-0.313600004,16384,0,62672,0.227940187,1.23261964,0.542107999,0.391730011,0.392399997,0,0.246340007,0.0450000018,0.313600004,16384,0,7271,-0.463216007,0.953955293,0.0675999969,0.392069995,0.392069995,0,0.291200012,0,-0.156800002,49152,60075,0,0.174428001,0.244400010,0.460186005,0.393200010,0.346399993,1,0.291200012,0,0.156800002,49152,1820,0,-0.113600001,0.221120998,-0.236425996,0.393200010,0.346399993,1
278,36,0,35,0,1.09072006,0,0,60314,0,0.246340007,0.0445500016,-0.313600004,16384,0,62672,0.232101068,1.23021889,0.543008208,0.391730011,0.392399997,0,0.246340007,0.0450000018,0.313600004,16384,0,7271,-0.463216007,0.952987075,0.0675999969,0.392069995,0.392069995,0,0.291200012,0,-0.156800002,49152,60075,0,0.174428001,0.238480017,0.460186005,0.393200010,0.346399993,1,0.291200012,0,0.156800002,49152,1820,0,-0.113600001,0.221120998,-0.236425996,0.393200010,0.346399993,1
278,37,0,36,0,1.08255994,0,0,60221,0,0.246340007,0.0445500016,-0.313600004,16384,0,62672,0.235545248,1.22823143,0.543753386,0.391730011,0.392399997,0,0.246340007,0.0450000018,0.313600004,16384,0,7271,-0.463216007,0.952197313,0.0675999969,0.392069995,0.392069995,0,0.291200012,0,-0.156800002,49152,60075,0,0.174428001,0.233040020,0.460186005,0.393200010,0.346399993,1,0.291200012,0,0.156800002,49152,1820,0,-0.113600001,0.221120998,-0.236425996,0.393200010,0.346399993,1
278,38,0,37,0,1.07584000,0,0,60151,0,0.246340007,0.0445500016,-0.313600004,16384,0,62672,0.238153264,1.22672665,0.544317603,0.391730011,0.392399997,0,0.246340007,0.0450000018,0.313600004,16384,0,7271,-0.463216007,0.951607227,0.0675999969,0.392069995,0.392069995,0,0.291200012,0,-0.156800002,49152,60075,0,0.174428001,0.228560016,0.460186005,0.393200010,0.346399993,1,0.291200012,0,0.156800002,49152,1820,0,-0.113600001,0.221120998,-0.236425996,0.393200010,0.346399993,1
278,39,0,38,0,1.07128000,0,0,60107,0,0.246340007,0.0445500016,-0.313600004,16384,0,62672,0.239805669,1.22577322,0.544675052,0.391730011,0.392399997,0,0.246340007,0.0450000018,0.313600004,16384,0,7271,-0.463216007,0.951237738,0.0675999969,0.392069995,0.392069995,0,0.291200012,0,-0.156800002,49152,60075,0,0.174428001,0.225520015,0.460186005,0.393200010,0.346399993,1,0.291200012,0,0.156800002,49152,1820,0,-0.113600001,0.221120998,-0.236425996,0.393200010,0.346399993,1
278,40,0,39,0,1.06959999,0,0,60092,0,0.246340007,0.0445500016,-0.313600004,16384,0,62672,0.240382999,1.22544003,0.544799984,0.391730011,0.392399997,0,0.246340007,0.0450000018,0.313600004,16384,0,7271,-0.463216007,0.951110005,0.0675999969,0.392069995,0.392069995,0,0.291200012,0,-0.156800002,49152,60075,0,0.174428001,0.224399999,0.460186005,0.393200010,0.346399993,1,0.291200012,0,0.156800002,49152,1820,0,-0.113600001,0.221120998,-0.236425996,0.393200010,0.346399993,1
278,41,0,40,0,1.07128000,0,0,60109,0,0.246340007,0.0445500016,-0.313600004,16384,0,62672,0.239799783,1.22577560,0.544680834,0.391730011,0.392399997,0,0.246340007,0.0450000018,0.313600004,16384,0,7271,-0.463216007,0.951417327,0.0675999969,0.392069995,0.392069995,0,0.291200012,0,-0.156800002,49152,60075,0,0.174428001,0.225520015,0.460186005,0.393200010,0.346399993,1,0.291200012,0,0.156800002,49152,1820,0,-0.113600001,0.221120998,-0.236425996,0.393200010,0.346399993,1
278,42,0,41,0,1.07584000,0,0,60155,0,0.246340007,0.0445500016,-0.313600004,16384,0,62672,0.238130569,1.22673619,0.544339776,0.391730011,0.392399997,0,0.246340007,0.0450000018,0.313600004,16384,0,7271,-0.463216007,0.952285647,0.0675999969,0.392069995,0.392069995,0,0.291200012,0,-0.156800002,49152,60075,0,0.174428001,0.228560016,0.460186005,0.393200010,0.346399993,1,0.291200012,0,0.156800002,49152,1820,0,-0.113600001,0.221120998,-0.236425996,0.393200010,0.346399993,1
278,43,0,42,0,1.08255994,0,0,60227,0,0.246340007,0.0445500016,-0.313600004,16384,0,62672,0.235496044,1.22825217,0.543801427,0.391730011,0.392399997,0,0.246340007,0.0450000018,0.313600004,16384,0,7271,-0.463216007,0.953634977,0.0675999969,0.392069995,0.392069995,0,0.291200012,0,-0.156800002,49152,60075,0,0.174428001,0.233040020,0.460186005,0.393200010,0.346399993,1,0.291200012,0,0.156800002,49152,1820,0,-0.113600001,0.221120998,-0.236425996,0.393200010,0.346399993,1
278,44,0,43,0,1.09072006,0,0,60322,0,0.246340007,0.0445500016,-0.313600004,16384,0,62672,0.232016832,1.23025417,0.543090582,0.391730011,0.392399997,0,0.246340007,0.0450000018,0.313600004,16384,0,7271,-0.463216007,0.955385029,0.0675999969,0.392069995,0.392069995,0,0.291200012,0,-0.156800002,49152,60075,0,0.174428001,0.238480017,0.460186005,0.393200010,0.346399993,1,0.291200012,0,0.156800002,49152,1820,0,-0.113600001,0.221120998,-0.236425996,0.393200010,0.346399993,1
278,45,0,44,0,1.09959996,0,0,60436,0,0.246340007,0.0445500016,-0.313600004,16384,0,62672,0.227813631,1.23267281,0.542231739,0.391730011,0.392399997,0,0.246340007,0.0450000018,0.313600004,16384,0,7271,-0.463216007,0.957455695,0.0675999969,0.392069995,0.392069995,0,0.291200012,0,-0.156800002,49152,60075,0,0.174428001,0.244400010,0.460186005,0.393200010,0.346399993,1,0.291200012,0,0.156800002,49152,1820,0,-0.113600001,0.221120998,-0.236425996,0.393200010,0.346399993,1
278,46,0,45,0,1.10847998,0,0,60567,0,0.246340007,0.0445500016,-0.313600004,16384,0,62672,0.223007098,1.23543870,0.541249633,0.391730011,0.392399997,0,0.246340007,0.0450000018,0.313600004,16384,0,7271,-0.463216007,0.959766865,0.0675999969,0.392069995,0.392069995,0,0.291200012,0,-0.156800002,49152,60075,0,0.174428001,0.250319988,0.460186005,0.393200010,0.346399993,1,0.291200012,0,0.156800002,49152,1820,0,-0.113600001,0.221120998,-0.236425996,0.393200010,0.346399993,1
278,47,0,46,0,1.11664009,0,0,60711,0,0.246340007,0.0445500016,-0.313600004,16384,0,62672,0.217717916,1.23848224,0.540168881,0.391730011,0.392399997,0,0.246340007,0.0450000018,0.313600004,16384,0,7271,-0.463216007,0.962238431,0.0675999969,0.392069995,0.392069995,0,0.291200012,0,-0.156800002,49152,60075,0,0.174428001,0.255760014,0.460186005,0.393200010,0.346399993,1,0.291200012,0,0.156800002,49152,1820,0,-0.113600001,0.221120998,-0.236425996,0.393200010,0.346399993,1
278,48,0,47,0,1.12336004,0,0,60865,0,0.246340007,0.0445500016,-0.313600004,16384,0,62672,0.212066725,1.24173415,0.539014161,0.391730011,0.392399997,0,0.246340007,0.0450000018,0.313600004,16384,0,7271,-0.463216007,0.964790046,0.0675999969,0.392069995,0.392069995,0,0.291200012,0,-0.156800002,49152,60075,0,0.174428001,0.260239989,0.460186005,0.393200010,0.346399993,1,0.291200012,0,0.156800002,49152,1820,0,-0.113600001,0.221120998,-0.236425996,0.393200010,0.346399993,1
278,49,0,48,0,1.12792003,0,0,61025,0,0.246340007,0.0445500016,-0.313600004,16384,0,62672,0.206174210,1.24512482,0.537810147,0.391730011,0.392399997,0,0.246340007,0.0450000018,0.313600004,16384,0,7271,-0.463216007,0.967341661,0.0675999969,0.392069995,0.392069995,0,0.291200012,0,-0.156800002,49152,60075,0,0.174428001,0.263280004,0.460186005,0.393200010,0.346399993,1,0.291200012,0,0.156800002,49152,1820,0,-0.113600001,0.221120998,-0.236425996,0.393200010,0.346399993,1
278,50,0,49,0,1.12960005,0,0,61188,0,0.246340007,0.0445500016,-0.313600004,16384,0,62672,0.200161010,1.24858499,0.536581457,0.391730011,0.392399997,0,0.246340007,0.0450000018,0.313600004,16384,0,7271,-0.463216007,0.969813168,0.0675999969,0.392069995,0.392069995,0,0.291200012,0,-0.156800002,49152,60075,0,0.174428001,0.264400005,0.460186005,0.393200010,0.346399993,1,0.291200012,0,0.156800002,49152,1820,0,-0.113600001,0.221120998,-0.236425996,0.393200010,0.346399993,1
278,51,0,50,0,1.12792003,0,0,61351,0,0.246340007,0.0445500016,-0.313600004,16384,0,62672,0.194147840,1.25204515,0.535352826,0.391730011,0.392399997,0,0.246340007,0.0450000018,0.313600004,16384,0,7271,-0.463216007,0.972124338,0.0675999969,0.392069995,0.392069995,0,0.291200012,0,-0.156800002,49152,60075,0,0.174428001,0.263280004,0.460186005,0.393200010,0.346399993,1,0.291200012,0,0.156800002,49152,1820,0,-0.113600001,0.221120998,-0.236425996,0.393200010,0.346399993,1
278,52,0,51,0,1.12336004,0,0,61511,0,0.246340007,0.0445500016,-0.313600004,16384,0,62672,0.188255295,1.25543594,0.534148872,0.391730011,0.392399997,0,0.246340007,0.0450000018,0.313600004,16384,0,7271,-0.463216007,0.974195004,0.0675999969,0.392069995,0.392069995,0,0.291200012,0,-0.156800002,49152,60075,0,0.174428001,0.260239989,0.460186005,0.393200010,0.346399993,1,0.291200012,0,0.156800002,49152,1820,0,-0.113600001,0.221120998,-0.236425996,0.393200010,0.346399993,1
278,53,0,52,0,1.11664009,0,0,61665,0,0.246340007,0.0445500016,-0.313600004,16384,0,62672,0.182604119,1.25868785,0.532994092,0.391730011,0.392399997,0,0.246340007,0.0450000018,0.313600004,16384,0,7271,-0.463216007,0.975945115,0.0675999969,0.392069995,0.392069995,0,0.291200012,0,-0.156800002,49152,60075,0,0.174428001,0.255760014,0.460186005,0.393200010,0.346399993,1,0.291200012,0,0.156800002,49152,1820,0,-0.113600001,0.221120998,-0.236425996,0.393200010,0.346399993,1
278,54,0,53,0,1.10847998,0,0,61808,0,0.246340007,0.0445500016,-0.313600004,16384,0,62672,0.177314922,1.26173139,0.531913400,0.391730011,0.392399997,0,0.246340007,0.0450000018,0.313600004,16384,0,7271,-0.463216007,0.977294445,0.0675999969,0.392069995,0.392069995,0,0.291200012,0,-0.156800002,49152,60075,0,0.174428001,0.250319988,0.460186005,0.393200010,0.346399993,1,0.291200012,0,0.156800002,49152,1820,0,-0.113600001,0.221120998,-0.236425996,0.393200010,0.346399993,1
278,55,0,54,0,1.09959996,0,0,61939,0,0.246340007,0.0445500016,-0.313600004,16384,0,62672,0.172508389,1.26449716,0.530931294,0.391730011,0.392399997,0,0.246340007,0.0450000018,0.313600004,16384,0,7271,-0.463216007,0.978162766,0.0675999969,0.392069995,0.392069995,0,0.291200012,0,-0.156800002,49152,60075,0,0.174428001,0.244400010,0.460186005,0.393200010,0.346399993,1,0.291200012,0,0.156800002,49152,1820,0,-0.113600001,0.221120998,-0.236425996,0.393200010,0.346399993,1
278,56,0,55,0,1.09072006,0,0,62053,0,0.246340007,0.0445500016,-0.313600004,16384,0,62672,0.168305188,1.26691580,0.530072451,0.391730011,0.392399997,0,0.246340007,0.0450000018,0.313600004,16384,0,7271,-0.463216007,0.978470027,0.0675999969,0.392069995,0.392069995,0,0.291200012,0,-0.156800002,49152,60075,0,0.174428001,0.238480017,0.460186005,0.393200010,0.346399993,1,0.291200012,0,0.156800002,49152,1820,0,-0.113600001,0.221120998,-0.236425996,0.393200010,0.346399993,1
278,57,0,56,0,1.08255994,0,0,62147,0,0.246340007,0.0445500016,-0.313600004,16384,0,62672,0.164825976,1.26891780,0.529361546,0.391730011,0.392399997,0,0.246340007,0.0450000018,0.313600004,16384,0,7271,-0.463216007,0.978329659,0.0675999969,0.392069995,0.392069995,0,0.291200012,0,-0.156800002,49152,60075,0,0.174428001,0.233040020,0.460186005,0.393200010,0.346399993,1,0.291200012,0,0.156800002,49152,1820,0,-0.113600001,0.221120998,-0.236425996,0.393200010,0.346399993,1
278,58,0,57,0,1.07584000,0,0,62219,0,0.246340007,0.0445500016,-0.313600004,16384,0,62672,0.162191436,1.27043390,0.528823197,0.391730011,0.392399997,0,0.246340007,0.0450000018,0.313600004,16384,0,7271,-0.463216007,0.977924466,0.0675999969,0.392069995,0.392069995,0,0.291200012,0,-0.156800002,49152,60075,0,0.174428001,0.228560016,0.460186005,0.393200010,0.346399993,1,0.291200012,0,0.156800002,49152,1820,0,-0.113600001,0.221120998,-0.236425996,0.393200010,0.346399993,1
278,59,0,58,0,1.07128000,0,0,62264,0,0.246340007,0.0445500016,-0.313600004,16384,0,62672,0.160522223,1.27139437,0.528482139,0.391730011,0.392399997,0,0.246340007,0.0450000018,0.313600004,16384,0,7271,-0.463216007,0.977278650,0.0675999969,0.392069995,0.392069995,0,0.291200012,0,-0.156800002,49152,60075,0,0.174428001,0.225520015,0.460186005,0.393200010,0.346399993,1,0.291200012,0,0.156800002,49152,1820,0,-0.113600001,0.221120998,-0.236425996,0.393200010,0.346399993,1
278,60,0,59,0,1.06959999,0,0,62280,0,0.246340007,0.0445500016,-0.313600004,16384,0,62672,0.159939006,1.27172995,0.528362989,0.391730011,0.392399997,0,0.246340007,0.0450000018,0.313600004,16384,0,7271,-0.463216007,0.976416230,0.0675999969,0.392069995,0.392069995,0,0.291200012,0,-0.156800002,49152,60075,0,0.174428001,0.224399999,0.460186005,0.393200010,0.346399993,1,0.291200012,0,0.156800002,49152,1820,0,-0.113600001,0.221120998,-0.236425996,0.393200010,0.346399993,1
278,61,0,60,0,1.07128000,0,0,62304,0,0.246340007,0.0445500016,-0.313600004,16384,0,62672,0.160568923,1.27141309,0.528460383,0.391730011,0.392399997,0,0.246340007,0.0450000018,0.313600004,16384,0,7271,-0.463189274,0.975361168,0.0676247701,0.392069995,0.392069995,0,0.291200012,0,-0.156800002,49152,60075,0,0.174428001,0.225520015,0.460186005,0.393200010,0.346399993,1,0.291200012,0,0.156800002,49152,1820,0,-0.113600001,0.221120998,-0.236425996,0.393200010,0.346399993,1
278,62,0,61,0,1.07584000,0,0,62371,0,0.246340007,0.0445500016,-0.313600004,16384,0,62672,0.162371740,1.27050614,0.528739154,0.391730011,0.392399997,0,0.246340007,0.0450000018,0.313600004,16384,0,7271,-0.463112742,0.974137723,0.0676956698,0.392069995,0.392069995,0,0.291200012,0,-0.156800002,49152,60075,0,0.174428001,0.228560016,0.460186005,0.393200010,0.346399993,1,0.291200012,0,0.156800002,49152,1820,0,-0.113600001,0.221120998,-0.236425996,0.393200010,0.346399993,1
278,63,0,62,0,1.08255994,0,0,62478,0,0.246340007,0.0445500016,-0.313600004,16384,0,62672,0.165217146,1.26907456,0.529179156,0.391730011,0.392399997,0,0.246340007,0.0450000018,0.313600004,16384,0,7271,-0.462991893,0.972769797,0.0678075776,0.392069995,0.392069995,0,0.291200012,0,-0.156800002,49152,60075,0,0.174428001,0.233040020,0.460186005,0.393200010,0.346399993,1,0.291200012,0,0.156800002,49152,1820,0,-0.113600001,0.221120998,-0.236425996,0.393200010,0.346399993,1
278,64,0,63,0,1.09072006,0,0,62619,0,0.246340007,0.0445500016,-0.313600004,16384,0,62672,0.168974832,1.26718414,0.529760242,0.391730011,0.392399997,0,0.246340007,0.0450000018,0.313600004,16384,0,7271,-0.462832361,0.971281528,0.0679553673,0.392069995,0.392069995,0,0.291200012,0,-0.156800002,49152,60075,0,0.174428001,0.238480017,0.460186005,0.393200010,0.346399993,1,0.291200012,0,0.156800002,49152,1820,0,-0.113600001,0.221120998,-0.236425996,0.393200010,0.346399993,1
278,65,0,64,0,1.09959996,0,0,62789,0,0.246340007,0.0445500016,-0.313600004,16384,0,62672,0.173514485,1.26490033,0.530462205,0.391730011,0.392399997,0,0.246340007,0.0450000018,0.313600004,16384,0,7271,-0.462639600,0.969696999,0.0681339055,0.392069995,0.392069995,0,0.291200012,0,-0.156800002,49152,60075,0,0.174428001,0.244400010,0.460186005,0.393200010,0.346399993,1,0.291200012,0,0.156800002,49152,1820,0,-0.113600001,0.221120998,-0.236425996,0.393200010,0.346399993,1
278,66,0,65,0,1.10847998,0,0,62983,0,0.246340007,0.0445500016,-0.313600004,16384,0,62672,0.178705737,1.26228857,0.531264961,0.391730011,0.392399997,0,0.246340007,0.0450000018,0.313600004,16384,0,7271,-0.462419182,0.968040287,0.0683380663,0.392069995,0.392069995,0,0.291200012,0,-0.156800002,49152,60075,0,0.174428001,0.250319988,0.460186005,0.393200010,0.346399993,1,0.291200012,0,0.156800002,49152,1820,0,-0.113600001,0.221120998,-0.236425996,0.393200010,0.346399993,1
278,67,0,66,0,1.11664009,0,0,63197,0,0.246340007,0.0445500016,-0.313600004,16384,0,62672,0.184418291,1.25941467,0.532148361,0.391730011,0.392399997,0,0.246340007,0.0450000018,0.313600004,16384,0,7271,-0.462176651,0.966335416,0.0685627386,0.392069995,0.392069995,0,0.291200012,0,-0.156800002,49152,60075,0,0.174428001,0.255760014,0.460186005,0.393200010,0.346399993,1,0.291200012,0,0.156800002,49152,1820,0,-0.113600001,0.221120998,-0.236425996,0.393200010,0.346399993,1
278,68,0,67,0,1.12336004,0,0,63426,0,0.246340007,0.0445500016,-0.313600004,16384,0,62672,0.190521821,1.25634408,0.533092141,0.391730011,0.392399997,0,0.246340007,0.0450000018,0.313600004,16384,0,7271,-0.461917490,0.964606524,0.0688027814,0.392069995,0.392069995,0,0.291200012,0,-0.156800002,49152,60075,0,0.174428001,0.260239989,0.460186005,0.393200010,0.346399993,1,0.291200012,0,0.156800002,49152,1820,0,-0.113600001,0.221120998,-0.236425996,0.393200010,0.346399993,1
278,69,0,68,0,1.12792003,0,0,63665,0,0.246340007,0.0445500016,-0.313600004,16384,0,62672,0.196886003,1.25314236,0.534076273,0.391730011,0.392399997,0,0.246340007,0.0450000018,0.313600004,16384,0,7271,-0.461647272,0.962877631,0.0690530762,0.392069995,0.392069995,0,0.291200012,0,-0.156800002,49152,60075,0,0.174428001,0.263280004,0.460186005,0.393200010,0.346399993,1,0.291200012,0,0.156800002,49152,1820,0,-0.113600001,0.221120998,-0.236425996,0.393200010,0.346399993,1
278,70,0,69,0,1.12960005,0,0,63908,0,0.246340007,0.0445500016,-0.313600004,16384,0,62672,0.203380495,1.24987495,0.535080492,0.391730011,0.392399997,0,0.246340007,0.0450000018,0.313600004,16384,0,7271,-0.461371511,0.961172760,0.0693084970,0.392069995,0.392069995,0,0.291200012,0,-0.156800002,49152,60075,0,0.174428001,0.264400005,0.460186005,0.393200010,0.346399993,1,0.291200012,0,0.156800002,49152,1820,0,-0.113600001,0.221120998,-0.236425996,0.393200010,0.346399993,1
278,71,0,70,0,1.12792003,0,0,64151,0,0.246340007,0.0445500016,-0.313600004,16384,0,62672,0.209875017,1.24660766,0.536084771,0.391730011,0.392399997,0,0.246340007,0.0450000018,0.313600004,16384,0,7271,-0.461095750,0.959516048,0.0695639178,0.392069995,0.392069995,0,0.291200012,0,-0.156800002,49152,60075,0,0.174428001,0.263469100,0.460186005,0.393200010,0.346399993,1,0.291200012,0,0.156800002,49152,1820,0,-0.113600001,0.221120998,-0.236425996,0.393200010,0.346399993,1
278,72,0,71,0,1.12336004,0,0,64390,0,0.246340007,0.0445500016,-0.313600004,16384,0,62672,0.216239184,1.24340594,0.537068903,0.391730011,0.392399997,0,0.246340007,0.0450000018,0.313600004,16384,0,7271,-0.460825533,0.957931519,0.0698142126,0.392069995,0.392069995,0,0.291200012,0,-0.156800002,49152,60075,0,0.174428001,0.260942310,0.460186005,0.393200010,0.346399993,1,0.291200012,0,0.156800002,49152,1820,0,-0.113600001,0.221120998,-0.236425996,0.393200010,0.346399993,1
278,73,0,72,0,1.11664009,0,0,64619,0,0.246340007,0.0445500016,-0.313600004,16384,0,62672,0.222342715,1.24033535,0.538012683,0.391730011,0.392399997,0,0.246340007,0.0450000018,0.313600004,16384,0,7271,-0.460566372,0.956443250,0.0700542554,0.392069995,0.392069995,0,0.291200012,0,-0.156800002,49152,60075,0,0.174428001,0.257218659,0.460186005,0.393200010,0.346399993,1,0.291200012,0,0.156800002,49152,1820,0,-0.113600001,0.221120998,-0.236425996,0.393200010,0.346399993,1
278,74,0,73,0,1.10847998,0,0,64833,0,0.246340007,0.0445500016,-0.313600004,16384,0,62672,0.228055269,1.23746133,0.538896084,0.391730011,0.392399997,0,0.246340007,0.0450000018,0.313600004,16384,0,7271,-0.460323811,0.955075324,0.0702789277,0.392069995,0.392069995,0,0.291200012,0,-0.156800002,49152,60075,0,0.174428001,0.252697080,0.460186005,0.393200010,0.346399993,1,0.291200012,0,0.156800002,49152,1820,0,-0.113600001,0.221120998,-0.236425996,0.393200010,0.346399993,1
278,75,0,74,0,1.09959996,0,0,65027,0,0.246340007,0.0445500016,-0.313600004,16384,0,62672,0.233246535,1.23484969,0.539698839,0.391730011,0.392399997,0,0.246340007,0.0450000018,0.313600004,16384,0,7271,-0.460103422,0.953851819,0.0704830885,0.392069995,0.392069995,0,0.291200012,0,-0.156800002,49152,60075,0,0.174428001,0.247776493,0.460186005,0.393200010,0.346399993,1,0.291200012,0,0.156800002,49152,1820,0,-0.113600001,0.221120998,-0.236425996,0.393200010,0.346399993,1
278,76,0,75,0,1.09072006,0,0,65197,0,0.246340007,0.0445500016,-0.313600004,16384,0,62672,0.237786159,1.23256576,0.540400803,0.391730011,0.392399997,0,0.246340007,0.0450000018,0.313600004,16384,0,7271,-0.459910661,0.952796817,0.0706616268,0.392069995,0.392069995,0,0.291200012,0,-0.156800002,49152,60075,0,0.174428001,0.242855951,0.460186005,0.393200010,0.346399993,1,0.291200012,0,0.156800002,49152,1820,0,-0.113600001,0.221120998,-0.236425996,0.393200010,0.346399993,1
278,77,0,76,0,1.08255994,0,0,65338,0,0.246340007,0.0445500016,-0.313600004,16384,0,62672,0.241543859,1.23067546,0.540981829,0.391730011,0.392399997,0,0.246340007,0.0450000018,0.313600004,16384,0,7271,-0.459751099,0.951934397,0.0708094165,0.392069995,0.392069995,0,0.291200012,0,-0.156800002,49152,60075,0,0.174428001,0.238334358,0.460186005,0.393200010,0.346399993,1,0.291200012,0,0.156800002,49152,1820,0,-0.113600001,0.221120998,-0.236425996,0.393200010,0.346399993,1
278,78,0,77,0,1.07584000,0,0,65445,0,0.246340007,0.0445500016,-0.313600004,16384,0,62672,0.244389281,1.22924387,0.541421831,0.391730011,0.392399997,0,0.246340007,0.0450000018,0.313600004,16384,0,7271,-0.459630281,0.951288581,0.0709213242,0.392069995,0.392069995,0,0.291200012,0,-0.156800002,49152,60075,0,0.174428001,0.234610692,0.460186005,0.393200010,0.346399993,1,0.291200012,0,0.156800002,49152,1820,0,-0.113600001,0.221120998,-0.236425996,0.393200010,0.346399993,1
278,79,0,78,0,1.07128000,0,0,65512,0,0.246340007,0.0445500016,-0.313600004,16384,0,62672,0.246192098,1.22833693,0.541700661,0.391730011,0.392399997,0,0.246340007,0.0450000018,0.313600004,16384,0,7271,-0.459553748,0.950883389,0.0709922239,0.392069995,0.392069995,0,0.291200012,0,-0.156800002,49152,60075,0,0.174428001,0.232083932,0.460186005,0.393200010,0.346399993,1,0.291200012,0,0.156800002,49152,1820,0,-0.113600001,0.221120998,-0.236425996,0.393200010,0.346399993,1
278,80,0,79,0,1.06959999,0,0,0,0,0.246340007,0.0445500016,-0.313600004,16384,0,62672,0.246822000,1.22801995,0.541797996,0.391730011,0.392399997,0,0.246340007,0.0450000018,0.313600004,16384,0,7271,-0.459526986,0.950743020,0.0710169971,0.392069995,0.392069995,0,0.291200012,0,-0.156800002,49152,60075,0,0.174428001,0.231152996,0.460186005,0.393200010,0.346399993,1,0.291200012,0,0.156800002,49152,1820,0,-0.113600001,0.221120998,-0.236425996,0.393200010,0.346399993,1
278,2,0,1,0,1.07458007,0,0,65444,0,0.246340007,0.0445500016,-0.313600004,16384,0,62672,0.244879991,1.22899842,0.541658998,0.391730011,0.392399997,0,0.246340007,0.0450000018,0.313600004,16384,0,7271,-0.459556550,0.951147318,0.0709895939,0.392069995,0.392069995,0,0.291200012,0,-0.156800002,49152,60075,0,0.174428001,0.233912542,0.460186005,0.393200010,0.346399993,1,0.291200012,0,0.156800002,49152,1820,0,-0.113600001,0.221120998,-0.236425996,0.393200010,0.346399993,1
278,3,0,2,0,1.08151019,0,0,65336,0,0.246340007,0.0445500016,-0.313600004,16384,0,62672,0.241983086,1.23045790,0.541322827,0.391730011,0.392399997,0,0.246340007,0.0450000018,0.313600004,16384,0,7271,-0.459640980,0.952278912,0.0709113777,0.392069995,0.392069995,0,0.291200012,0,-0.156800002,49152,60075,0,0.174428001,0.237752557,0.460186005,0.393200010,0.346399993,1,0.291200012,0,0.156800002,49152,1820,0,-0.113600001,0.221120998,-0.236425996,0.393200010,0.346399993,1
278,4,0,3,0,1.08988023,0,0,65194,0,0.246340007,0.0445500016,-0.313600004,16384,0,62672,0.238182455,1.23237288,0.540801287,0.391730011,0.392399997,0,0.246340007,0.0450000018,0.313600004,16384,0,7271,-0.459773809,0.954016924,0.0707883313,0.392069995,0.392069995,0,0.291200012,0,-0.156800002,49152,60075,0,0.174428001,0.242390513,0.460186005,0.393200010,0.346399993,1,0.291200012,0,0.156800002,49152,1820,0,-0.113600001,0.221120998,-0.236425996,0.393200010,0.346399993,1
278,5,0,4,0,1.09897017,0,0,65022,0,0.246340007,0.0445500016,-0.313600004,16384,0,62672,0.233607143,1.23467827,0.540119171,0.391730011,0.392399997,0,0.246340007,0.0450000018,0.313600004,16384,0,7271,-0.459948599,0.956239939,0.0706264228,0.392069995,0.392069995,0,0.291200012,0,-0.156800002,49152,60075,0,0.174428001,0.247427419,0.460186005,0.393200010,0.346399993,1,0.291200012,0,0.156800002,49152,1820,0,-0.113600001,0.221120998,-0.236425996,0.393200010,0.346399993,1
278,6,0,5,0,1.10806024,0,0,64825,0,0.246340007,0.0445500016,-0.313600004,16384,0,62672,0.228386283,1.23730898,0.539301217,0.391730011,0.392399997,0,0.246340007,0.0450000018,0.313600004,16384,0,7271,-0.460158914,0.958826780,0.0704316348,0.392069995,0.392069995,0,0.291200012,0,-0.156800002,49152,60075,0,0.174428001,0.252464354,0.460186005,0.393200010,0.346399993,1,0.291200012,0,0.156800002,49152,1820,0,-0.113600001,0.221120998,-0.236425996,0.393200010,0.346399993,1
278,7,0,6,0,1.11643016,0,0,64609,0,0.246340007,0.0445500016,-0.313600004,16384,0,62672,0.222649008,1.24019980,0.538371980,0.391730011,0.392399997,0,0.246340007,0.0450000018,0.313600004,16384,0,7271,-0.460398227,0.961656034,0.0702099428,0.392069995,0.392069995,0,0.291200012,0,-0.156800002,49152,60075,0,0.174428001,0.257102311,0.460186005,0.393200010,0.346399993,1,0.291200012,0,0.156800002,49152,1820,0,-0.113600001,0.221120998,-0.236425996,0.393200010,0.346399993,1
278,8,0,7,0,1.12336016,0,0,64378,0,0.246340007,0.0445500016,-0.313600004,16384,0,62672,0.216524363,1.24328578,0.537356257,0.391730011,0.392399997,0,0.246340007,0.0450000018,0.313600004,16384,0,7271,-0.460660160,0.964606643,0.0699673295,0.392069995,0.392069995,0,0.291200012,0,-0.156800002,49152,60075,0,0.174428001,0.260942340,0.460186005,0.393200010,0.346399993,1,0.291200012,0,0.156800002,49152,1820,0,-0.113600001,0.221120998,-0.236425996,0.393200010,0.346399993,1
278,9,0,8,0,1.12792015,0,0,64137,0,0.246340007,0.0445500016,-0.313600004,16384,0,62672,0.210219502,1.24646270,0.536291659,0.391730011,0.392399997,0,0.246340007,0.0450000018,0.313600004,16384,0,7271,-0.460938245,0.967557192,0.0697097704,0.392069995,0.392069995,0,0.291200012,0,-0.156800002,49152,60075,0,0.174428001,0.263469130,0.460186005,0.393200010,0.346399993,1,0.291200012,0,0.156800002,49152,1820,0,-0.113600001,0.221120998,-0.236425996,0.393200010,0.346399993,1
278,10,0,9,0,1.12960005,0,0,63891,0,0.246340007,0.0445500016,-0.313600004,16384,0,62672,0.203785539,1.24970472,0.535189986,0.391730011,0.392399997,0,0.246340007,0.0450000018,0.313600004,16384,0,7271,-0.461225957,0.970386446,0.0694432482,0.392069995,0.392069995,0,0.291200012,0,-0.156800002,49152,60075,0,0.174428001,0.264400005,0.460186005,0.393200010,0.346399993,1,0.291200012,0,0.156800002,49152,1820,0,-0.113600001,0.221120998,-0.236425996,0.393200010,0.346399993,1
278,11,0,10,0,1.12792003,0,0,63645,0,0.246340007,0.0445500016,-0.313600004,16384,0,62672,0.197351590,1.25294662,0.534075975,0.391730011,0.392399997,0,0.246340007,0.0450000018,0.313600004,16384,0,7271,-0.461516976,0.972973228,0.0691737309,0.392069995,0.392069995,0,0.291200012,0,-0.156800002,49152,60075,0,0.174428001,0.263280004,0.460186005,0.393200010,0.346399993,1,0.291200012,0,0.156800002,49152,1820,0,-0.113600001,0.221120998,-0.236425996,0.393200010,0.346399993,1
278,12,0,11,0,1.12336004,0,0,63404,0,0.246340007,0.0445500016,-0.313600004,16384,0,62672,0.191046730,1.25612354,0.532974303,0.391730011,0.392399997,0,0.246340007,0.0450000018,0.313600004,16384,0,7271,-0.461804688,0.975196242,0.0689072087,0.392069995,0.392069995,0,0.291200012,0,-0.156800002,49152,60075,0,0.174428001,0.260239989,0.460186005,0.393200010,0.346399993,1,0.291200012,0,0.156800002,49152,1820,0,-0.113600001,0.221120998,-0.236425996,0.393200010,0.346399993,1
278,13,0,12,0,1.11664009,0,0,63173,0,0.246340007,0.0445500016,-0.313600004,16384,0,62672,0.185000092,1.25917017,0.531909704,0.391730011,0.392399997,0,0.246340007,0.0450000018,0.313600004,16384,0,7271,-0.462082744,0.976934254,0.0686496496,0.392069995,0.392069995,0,0.291200012,0,-0.156800002,49152,60075,0,0.174428001,0.255760014,0.460186005,0.393200010,0.346399993,1,0.291200012,0,0.156800002,49152,1820,0,-0.113600001,0.221120998,-0.236425996,0.393200010,0.346399993,1
278,14,0,13,0,1.10847998,0,0,62956,0,0.246340007,0.0445500016,-0.313600004,16384,0,62672,0.179340780,1.26202190,0.530906916,0.391730011,0.392399997,0,0.246340007,0.0450000018,0.313600004,16384,0,7271,-0.462344706,0.978065848,0.0684070438,0.392069995,0.392069995,0,0.291200012,0,-0.156800002,49152,60075,0,0.174428001,0.250319988,0.460186005,0.393200010,0.346399993,1,0.291200012,0,0.156800002,49152,1820,0,-0.113600001,0.221120998,-0.236425996,0.393200010,0.346399993,1
278,15,0,14,0,1.09959996,0,0,62760,0,0.246340007,0.0445500016,-0.313600004,16384,0,62672,0.174197897,1.26461327,0.529990554,0.391730011,0.392399997,0,0.246340007,0.0450000018,0.313600004,16384,0,7271,-0.462584019,0.978470027,0.0681853518,0.392069995,0.392069995,0,0.291200012,0,-0.156800002,49152,60075,0,0.174428001,0.244400010,0.460186005,0.393200010,0.346399993,1,0.291200012,0,0.156800002,49152,1820,0,-0.113600001,0.221120998,-0.236425996,0.393200010,0.346399993,1
278,16,0,15,0,1.09072006,0,0,62588,0,0.246340007,0.0445500016,-0.313600004,16384,0,62672,0.169700608,1.26687932,0.529185414,0.391730011,0.392399997,0,0.246340007,0.0450000018,0.313600004,16384,0,7271,-0.462794334,0.978342116,0.0679905638,0.392069995,0.392069995,0,0.291200012,0,-0.156800002,49152,60075,0,0.174428001,0.238480017,0.460186005,0.393200010,0.346399993,1,0.291200012,0,0.156800002,49152,1820,0,-0.113600001,0.221120998,-0.236425996,0.393200010,0.346399993,1
278,17,0,16,0,1.08255994,0,0,62445,0,0.246340007,0.0445500016,-0.313600004,16384,0,62672,0.165977940,1.26875508,0.528516173,0.391730011,0.392399997,0,0.246340007,0.0450000018,0.313600004,16384,0,7271,-0.462969095,0.977972686,0.0678286552,0.392069995,0.392069995,0,0.291200012,0,-0.156800002,49152,60075,0,0.174428001,0.233040020,0.460186005,0.393200010,0.346399993,1,0.291200012,0,0.156800002,49152,1820,0,-0.113600001,0.221120998,-0.236425996,0.393200010,0.346399993,1
278,18,0,17,0,1.07584000,0,0,62338,0,0.246340007,0.0445500016,-0.313600004,16384,0,62672,0.163159043,1.27017558,0.528007507,0.391730011,0.392399997,0,0.246340007,0.0450000018,0.313600004,16384,0,7271,-0.463101953,0.977382600,0.0677056089,0.392069995,0.392069995,0,0.291200012,0,-0.156800002,49152,60075,0,0.174428001,0.228560016,0.460186005,0.393200010,0.346399993,1,0.291200012,0,0.156800002,49152,1820,0,-0.113600001,0.221120998,-0.236425996,0.393200010,0.346399993,1
278,19,0,18,0,1.07128000,0,0,62269,0,0.246340007,0.0445500016,-0.313600004,16384,0,62672,0.161373019,1.27107549,0.527684212,0.391730011,0.392399997,0,0.246340007,0.0450000018,0.313600004,16384,0,7271,-0.463186383,0.976592839,0.0676273927,0.392069995,0.392069995,0,0.291200012,0,-0.156800002,49152,60075,0,0.174428001,0.225520015,0.460186005,0.393200010,0.346399993,1,0.291200012,0,0.156800002,49152,1820,0,-0.113600001,0.221120998,-0.236425996,0.393200010,0.346399993,1
278,20,0,19,0,1.06959999,0,0,62246,0,0.246340007,0.0445500016,-0.313600004,16384,0,62672,0.160749003,1.27138996,0.527571023,0.391730011,0.392399997,0,0.246340007,0.0450000018,0.313600004,16384,0,7271,-0.463216007,0.975624561,0.0675999969,0.392069995,0.392069995,0,0.291200012,0,-0.156800002,49152,60075,0,0.174428001,0.224399999,0.460186005,0.393200010,0.346399993,1,0.291200012,0,0.156800002,49152,1820,0,-0.113600001,0.221120998,-0.236425996,0.393200010,0.346399993,1
278,21,0,20,0,1.07128000,0,0,62230,0,0.246340007,0.0445500016,-0.313600004,16384,0,62672,0.161326364,1.27105689,0.527695894,0.391730011,0.392399997,0,0.246340007,0.0450000018,0.313600004,16384,0,7271,-0.463216007,0.974498630,0.0675999969,0.392069995,0.392069995,0,0.291200012,0,-0.156800002,49152,60075,0,0.174428001,0.225520015,0.460186005,0.393200010,0.346399993,1,0.291200012,0,0.156800002,49152,1820,0,-0.113600001,0.221120998,-0.236425996,0.393200010,0.346399993,1
278,1,0,1,0,1.07128000,0,0,65512,0,0.246340007,0.0445500016,-0.313600004,16384,0,62672,0.246197999,1.22833395,0.541694999,0.391730011,0.392399997,0,0.246340007,0.0450000018,0.313600004,16384,0,7271,-0.459526986,0.950743020,0.0710169971,0.392069995,0.392069995,0,0.291200012,0,-0.156800002,49152,60075,0,0.174428001,0.232084006,0.460186005,0.393200010,0.346399993,1,0.291200012,0,0.156800002,49152,1820,0,-0.113600001,0.221120998,-0.236425996,0.393200010,0.346399993,1
513,3,0,3,0.0000529141471,1.06682539,0.00536415400,0,0,0,0.246340007,0.0445500016,-0.313600004,16385,0,62635,0.248822808,1.22313821,0.542009175,0.391730011,0.392399997,0,0.246340007,0.0450000018,0.313600004,16384,1,7012,-0.458676964,0.948407829,0.0780685842,0.392069995,0.392069995,0,0.291200012,0,-0.156800002,49153,59942,65535,0.174427986,0.231700391,0.464164108,0.393200010,0.346399993,1,0.291200012,0,0.156800002,49152,1819,0,-0.113600001,0.220908999,-0.232448757,0.393200010,0.346399993,1
513,4,0,4,0.000423313177,1.06091857,0.00566623686,0,0,0,0.246340007,0.0445500016,-0.313600004,16392,3,62635,0.252641916,1.21635509,0.535901070,0.391730011,0.392399997,0,0.246340007,0.0450000018,0.313600004,16384,11,7022,-0.457826972,0.945669889,0.0801926181,0.392069995,0.392069995,0,0.291200012,0,-0.156800002,49162,59922,65528,0.174427986,0.231073231,0.463231742,0.393200010,0.346399993,1,0.291200012,0,0.156800002,49152,1819,0,-0.113600001,0.220697001,-0.233792499,0.393200010,0.346399993,1
513,5,0,5,0.000705522019,1.05752134,0.00589639507,0,0,0,0.246340007,0.0445500016,-0.313600004,16398,6,62635,0.254916370,1.21247840,0.532510579,0.391730011,0.392399997,0,0.246340007,0.0450000018,0.313600004,16384,18,7029,-0.457401961,0.944177985,0.0813748613,0.392069995,0.392069995,0,0.291200012,0,-0.156800002,49168,59907,65523,0.174427986,0.230685234,0.462890983,0.393200010,0.346399993,1,0.291200012,0,0.156800002,49152,1819,0,-0.113600001,0.220591009,-0.234464377,0.393200010,0.346399993,1
513,6,0,6,0.00102888630,1.05393589,0.00616011815,0,0,0,0.246340007,0.0445500016,-0.313600004,16405,8,62636,0.257345647,1.20839584,0.528977334,0.391730011,0.392399997,0,0.246340007,0.0450000018,0.313600004,16385,26,7038,-0.456976950,0.942633808,0.0826081038,0.392069995,0.392069995,0,0.291200012,0,-0.156800002,49175,59890,65517,0.174427986,0.230265647,0.462603390,0.393200010,0.346399993,1,0.291200012,0,0.156800002,49152,1819,0,-0.113600001,0.220485002,-0.235136241,0.393200010,0.346399993,1
513,7,0,7,0.00137576775,1.05024290,0.00644302089,0,0,0,0.246340007,0.0445500016,-0.313600004,16412,11,62636,0.259863436,1.20419574,0.525362372,0.391730011,0.392399997,0,0.246340007,0.0450000018,0.313600004,16385,34,7047,-0.456551969,0.941059709,0.0838705078,0.392069995,0.392069995,0,0.291200012,0,-0.156800002,49183,59872,65511,0.174427986,0.229828045,0.462346226,0.393200010,0.346399993,1,0.291200012,0,0.156800002,49152,1819,0,-0.113600001,0.220378995,-0.235808119,0.393200010,0.346399993,1
513,8,0,8,0.00172852888,1.04652297,0.00673071900,0,0,0,0.246340007,0.0445500016,-0.313600004,16419,14,62636,0.262403309,1.19996619,0.521727204,0.391730011,0.392399997,0,0.246340007,0.0450000018,0.313600004,16385,43,7056,-0.456126958,0.939478278,0.0851401836,0.392069995,0.392069995,0,0.291200012,0,-0.156800002,49190,59853,65504,0.174427986,0.229385927,0.462096691,0.393200010,0.346399993,1,0.291200012,0,0.156800002,49152,1819,0,-0.113600001,0.220273003,-0.236479998,0.393200010,0.346399993,1
513,9,0,9,0.00206953147,1.04496300,0.00700882729,0,0,0,0.246340007,0.0445500016,-0.313600004,16426,17,62637,0.263686061,1.19826090,0.520544291,0.391730011,0.392399997,0,0.246340007,0.0450000018,0.313600004,16385,52,7065,-0.456126958,0.939045727,0.0855627954,0.392069995,0.392069995,0,0.291200012,0,-0.156800002,49198,59835,65498,0.174427986,0.229124323,0.462537527,0.393200010,0.346399993,1,0.291200012,0,0.156800002,49152,1819,0,-0.113600001,0.220273003,-0.236479998,0.393200010,0.346399993,1
513,10,0,10,0.00238113711,1.04353762,0.00726296054,0,0,0,0.246340007,0.0445500016,-0.313600004,16433,19,62637,0.264858246,1.19670272,0.519463420,0.391730011,0.392399997,0,0.246340007,0.0450000018,0.313600004,16386,59,7073,-0.456126958,0.938650429,0.0859489664,0.392069995,0.392069995,0,0.291200012,0,-0.156800002,49205,59819,65492,0.174427986,0.228885278,0.462940365,0.393200010,0.346399993,1,0.291200012,0,0.156800002,49152,1819,0,-0.113600001,0.220273003,-0.236479998,0.393200010,0.346399993,1
513,11,0,11,0.00264570769,1.04232728,0.00747873401,0,0,0,0.246340007,0.0445500016,-0.313600004,16438,22,62637,0.265853524,1.19537973,0.518545687,0.391730011,0.392399997,0,0.246340007,0.0450000018,0.313600004,16386,66,7080,-0.456126958,0.938314795,0.0862768590,0.392069995,0.392069995,0,0.291200012,0,-0.156800002,49211,59805,65487,0.174427986,0.228682294,0.463282436,0.393200010,0.346399993,1,0.291200012,0,0.156800002,49152,1819,0,-0.113600001,0.220273003,-0.236479998,0.393200010,0.346399993,1
513,12,0,12,0.00284560537,1.04141295,0.00764176343,0,0,0,0.246340007,0.0445500016,-0.313600004,16442,23,62637,0.266605467,1.19438004,0.517852306,0.391730011,0.392399997,0,0.246340007,0.0450000018,0.313600004,16386,71,7085,-0.456126958,0.938061237,0.0865245983,0.392069995,0.392069995,0,0.291200012,0,-0.156800002,49215,59795,65484,0.174427986,0.228528962,0.463540852,0.393200010,0.346399993,1,0.291200012,0,0.156800002,49152,1819,0,-0.113600001,0.220273003,-0.236479998,0.393200010,0.346399993,1
513,13,0,13,0.00296319276,1.04087508,0.00773766171,0,0,0,0.246340007,0.0445500016,-0.313600004,16445,24,62637,0.267047793,1.19379199,0.517444432,0.391730011,0.392399997,0,0.246340007,0.0450000018,0.313600004,16386,74,7088,-0.456126958,0.937912047,0.0866703168,0.392069995,0.392069995,0,0.291200012,0,-0.156800002,49218,59788,65482,0.174427986,0.228438735,0.463692874,0.393200010,0.346399993,1,0.291200012,0,0.156800002,49152,1819,0,-0.113600001,0.220273003,-0.236479998,0.393200010,0.346399993,1
513,14,0,14,0.00298083061,1.04079437,0.00775204692,0,0,0,0.246340007,0.0445500016,-0.313600004,16445,24,62637,0.267114162,1.19370389,0.517383277,0.391730011,0.392399997,0,0.246340007,0.0450000018,0.313600004,16386,74,7089,-0.456126958,0.937889695,0.0866921768,0.392069995,0.392069995,0,0.291200012,0,-0.156800002,49218,59787,65481,0.174427986,0.228425205,0.463715672,0.393200010,0.346399993,1,0.291200012,0,0.156800002,49152,1819,0,-0.113600001,0.220273003,-0.236479998,0.393200010,0.346399993,1
513,15,0,15,0.00288088224,1.04125154,0.00767053291,0,0,0,0.246340007,0.0445500016,-0.313600004,16443,24,62637,0.266738176,1.19420362,0.517729938,0.391730011,0.392399997,0,0.246340007,0.0450000018,0.313600004,16386,72,7086,-0.456126958,0.938016474,0.0865683109,0.392069995,0.392069995,0,0.291200012,0,-0.156800002,49216,59793,65483,0.174427986,0.228501886,0.463586450,0.393200010,0.346399993,1,0.291200012,0,0.156800002,49152,1819,0,-0.113600001,0.220273003,-0.236479998,0.393200010,0.346399993,1
513,16,0,16,0.00264570815,1.04232728,0.00747873448,0,0,0,0.246340007,0.0445500016,-0.313600004,16438,22,62637,0.265853524,1.19537973,0.518545687,0.391730011,0.392399997,0,0.246340007,0.0450000018,0.313600004,16386,66,7080,-0.456126958,0.938314795,0.0862768590,0.392069995,0.392069995,0,0.291200012,0,-0.156800002,49211,59805,65487,0.174427986,0.228682294,0.463282436,0.393200010,0.346399993,1,0.291200012,0,0.156800002,49152,1819,0,-0.113600001,0.220273003,-0.236479998,0.393200010,0.346399993,1
513,17,0,17,0.00225767144,1.04410231,0.00716226688,0,0,0,0.246340007,0.0445500016,-0.313600004,16430,18,62637,0.264393806,1.19732010,0.519891679,0.391730011,0.392399997,0,0.246340007,0.0450000018,0.313600004,16386,56,7070,-0.456126958,0.938807070,0.0857959613,0.392069995,0.392069995,0,0.291200012,0,-0.156800002,49202,59826,65495,0.174427986,0.228979990,0.462780774,0.393200010,0.346399993,1,0.291200012,0,0.156800002,49152,1819,0,-0.113600001,0.220273003,-0.236479998,0.393200010,0.346399993,1
513,18,0,18,0.00169913319,1.04665744,0.00670674536,0,0,0,0.246340007,0.0445500016,-0.313600004,16419,14,62636,0.262292713,1.20011318,0.521829128,0.391730011,0.392399997,0,0.246340007,0.0450000018,0.313600004,16385,42,7055,-0.456126958,0.939515531,0.0851037577,0.392069995,0.392069995,0,0.291200012,0,-0.156800002,49190,59855,65505,0.174427986,0.229408473,0.462058663,0.393200010,0.346399993,1,0.291200012,0,0.156800002,49152,1819,0,-0.113600001,0.220273003,-0.236479998,0.393200010,0.346399993,1
513,19,0,19,0.000952455855,1.05007303,0.00609778427,0,0,0,0.246340007,0.0445500016,-0.313600004,16403,8,62635,0.259483904,1.20384705,0.524419129,0.391730011,0.392399997,0,0.246340007,0.0450000018,0.313600004,16385,24,7036,-0.456126958,0.940462768,0.0841783881,0.392069995,0.392069995,0,0.291200012,0,-0.156800002,49173,59894,65518,0.174427986,0.229981303,0.461093336,0.393200010,0.346399993,1,0.291200012,0,0.156800002,49152,1819,0,-0.113600001,0.220273003,-0.236479998,0.393200010,0.346399993,1
513,20,0,20,0,1.05443001,0.00532099977,0,0,0,0.246340007,0.0445500016,-0.313600004,16384,0,62635,0.255901009,1.20861006,0.527723014,0.391730011,0.392399997,0,0.246340007,0.0450000018,0.313600004,16384,0,7011,-0.456126988,0.941671014,0.0829980001,0.392069995,0.392069995,0,0.291200012,0,-0.156800002,49152,59944,0,0.174428001,0.230711997,0.459861994,0.393200010,0.346399993,1,0.291200012,0,0.156800002,49152,1819,0,-0.113600001,0.220273003,-0.236479998,0.393200010,0.346399993,1
513,21,0,21,-0.00116113515,1.05990183,0.00360590755,0,0,0,0.246340007,0.0445500016,-0.313600004,16360,65492,62626,0.251533091,1.21441662,0.531750739,0.391730011,0.392399997,0,0.246340007,0.0450000018,0.313600004,16290,65486,6899,-0.457284391,0.943773985,0.0786538199,0.392069995,0.392069995,0,0.291200012,0,-0.156800002,49023,59952,65443,0.176300868,0.233678773,0.452792436,0.393200010,0.346399993,1,0.291200012,0,0.156800002,49152,1819,0,-0.113600001,0.220273003,-0.236479998,0.393200010,0.346399993,1
513,22,0,22,-0.00251140445,1.06652999,0.000270162796,0,0,0,0.246340007,0.0445500016,-0.313600004,16334,65382,62603,0.246453688,1.22116876,0.536434412,0.391730011,0.392399997,0,0.246340007,0.0450000018,0.313600004,16019,65391,6625,-0.460470498,0.947283089,0.0686722919,0.392069995,0.392069995,0,0.291200012,0,-0.156800002,48693,59867,65135,0.181543246,0.240545303,0.435068995,0.393200010,0.346399993,1,0.291200012,0,0.156800002,49152,1819,0,-0.113600001,0.220273003,-0.236479998,0.393200010,0.346399993,1
513,23,0,23,-0.00403477112,1.07419729,-0.00456841290,0,0,0,0.246340007,0.0445500016,-0.313600004,16305,65210,62567,0.240723133,1.22878683,0.541718602,0.391730011,0.392399997,0,0.246340007,0.0450000018,0.313600004,15583,65255,6202,-0.465256095,0.952037036,0.0536843911,0.392069995,0.392069995,0,0.291200012,0,-0.156800002,48175,59696,64628,0.189590871,0.250703305,0.407803774,0.393200010,0.346399993,1,0.291200012,0,0.156800002,49152,1819,0,-0.113600001,0.220273003,-0.236479998,0.393200010,0.346399993,1
513,24,0,24,-0.00571519975,1.08278584,-0.0107920012,0,0,0,0.246340007,0.0445500016,-0.313600004,16273,64981,62519,0.234401733,1.23719013,0.547547579,0.391730011,0.392399997,0,0.246340007,0.0450000018,0.313600004,14994,65080,5640,-0.471211821,0.957874715,0.0343210697,0.392069995,0.392069995,0,0.291200012,0,-0.156800002,47486,59445,63937,0.199879453,0.263544410,0.372108817,0.393200010,0.346399993,1,0.291200012,0,0.156800002,49152,1819,0,-0.113600001,0.220273003,-0.236479998,0.393200010,0.346399993,1
513,25,0,25,-0.00753665389,1.09217870,-0.0182827748,0,0,0,0.246340007,0.0445500016,-0.313600004,16239,64700,62459,0.227549836,1.24629867,0.553865731,0.391730011,0.392399997,0,0.246340007,0.0450000018,0.313600004,14267,64870,4952,-0.477908522,0.964634776,0.0112133091,0.392069995,0.392069995,0,0.291200012,0,-0.156800002,46638,59121,63076,0.211844698,0.278460324,0.329096079,0.393200010,0.346399993,1,0.291200012,0,0.156800002,49152,1819,0,-0.113600001,0.220273003,-0.236479998,0.393200010,0.346399993,1
513,26,0,26,-0.00948309433,1.10225809,-0.0269229095,0,0,0,0.246340007,0.0445500016,-0.313600004,16204,64371,62389,0.220227748,1.25603235,0.560617447,0.391730011,0.392399997,0,0.246340007,0.0450000018,0.313600004,13412,64629,4149,-0.484916925,0.972156107,-0.0150078973,0.392069995,0.392069995,0,0.291200012,0,-0.156800002,45646,58730,62063,0.224922314,0.294842780,0.279877633,0.393200010,0.346399993,1,0.291200012,0,0.156800002,49152,1819,0,-0.113600001,0.220273003,-0.236479998,0.393200010,0.346399993,1
513,27,0,27,-0.0115384897,1.11290681,-0.0365946032,0,0,0,0.246340007,0.0445500016,-0.313600004,16166,63999,62310,0.212495789,1.26631093,0.567747116,0.391730011,0.392399997,0,0.246340007,0.0450000018,0.313600004,12444,64359,3242,-0.491807818,0.980277359,-0.0437116362,0.392069995,0.392069995,0,0.291200012,0,-0.156800002,44525,58279,60910,0.238548040,0.312083423,0.225565478,0.393200010,0.346399993,1,0.291200012,0,0.156800002,49152,1819,0,-0.113600001,0.220273003,-0.236479998,0.393200010,0.346399993,1
513,28,0,28,-0.0136868032,1.12400711,-0.0471800156,0,0,0,0.246340007,0.0445500016,-0.313600004,16127,63590,62222,0.204414308,1.27705419,0.575199008,0.391730011,0.392399997,0,0.246340007,0.0450000018,0.313600004,11374,64063,2244,-0.498151928,0.988837421,-0.0742668882,0.392069995,0.392069995,0,0.291200012,0,-0.156800002,43289,57775,59635,0.252157599,0.329573959,0.167271689,0.393200010,0.346399993,1,0.291200012,0,0.156800002,49152,1819,0,-0.113600001,0.220273003,-0.236479998,0.393200010,0.346399993,1
513,29,0,29,-0.0159119926,1.13544178,-0.0585613325,0,0,0,0.246340007,0.0445500016,-0.313600004,16087,63147,62128,0.196043611,1.28818178,0.582917690,0.391730011,0.392399997,0,0.246340007,0.0450000018,0.313600004,10215,63746,1165,-0.503519952,0.997674942,-0.106042683,0.392069995,0.392069995,0,0.291200012,0,-0.156800002,41953,57223,58252,0.265186638,0.346706063,0.106108218,0.393200010,0.346399993,1,0.291200012,0,0.156800002,49152,1819,0,-0.113600001,0.220273003,-0.236479998,0.393200010,0.346399993,1
513,30,0,30,-0.0181980282,1.14709330,-0.0706207156,0,0,0,0.246340007,0.0445500016,-0.313600004,16046,62676,62027,0.187444031,1.29961371,0.590847373,0.391730011,0.392399997,0,0.246340007,0.0450000018,0.313600004,8981,63410,18,-0.507482767,1.00662875,-0.138408050,0.392069995,0.392069995,0,0.291200012,0,-0.156800002,40531,56630,56777,0.277070969,0.362871408,0.0431871414,0.393200010,0.346399993,1,0.291200012,0,0.156800002,49152,1819,0,-0.113600001,0.220273003,-0.236479998,0.393200010,0.346399993,1
513,31,0,31,-0.0205288716,1.15884435,-0.0832403600,0,0,0,0.246340007,0.0445500016,-0.313600004,16005,62181,61921,0.178675905,1.31126976,0.598932445,0.391730011,0.392399997,0,0.246340007,0.0450000018,0.313600004,7683,63059,64350,-0.509611011,1.01553786,-0.170732096,0.392069995,0.392069995,0,0.291200012,0,-0.156800002,39038,56003,55225,0.287246197,0.377461642,-0.0203794762,0.393200010,0.346399993,1,0.291200012,0,0.156800002,49152,1819,0,-0.113600001,0.220273003,-0.236479998,0.393200010,0.346399993,1
513,32,0,32,-0.0228884835,1.17057717,-0.0963024274,0,0,0,0.246340007,0.0445500016,-0.313600004,15963,61667,61811,0.169799536,1.32306957,0.607117355,0.391730011,0.392399997,0,0.246340007,0.0450000018,0.313600004,6334,62696,63101,-0.509475529,1.02424061,-0.202383727,0.392069995,0.392069995,0,0.291200012,0,-0.156800002,37488,55348,53610,0.295148104,0.389868617,-0.0834796727,0.393200010,0.346399993,1,0.291200012,0,0.156800002,49152,1819,0,-0.113600001,0.220273003,-0.236479998,0.393200010,0.346399993,1
513,33,0,33,-0.0252608322,1.18217468,-0.109689146,0,0,0,0.246340007,0.0445500016,-0.313600004,15920,61139,61698,0.160875261,1.33493316,0.615346491,0.391730011,0.392399997,0,0.246340007,0.0450000018,0.313600004,4947,62323,61817,-0.506647050,1.03257608,-0.232732087,0.392069995,0.392069995,0,0.291200012,0,-0.156800002,35895,54672,51950,0.300212413,0.399483860,-0.145001367,0.393200010,0.346399993,1,0.291200012,0,0.156800002,49152,1819,0,-0.113600001,0.220273003,-0.236479998,0.393200010,0.346399993,1
513,34,0,34,-0.0276298784,1.19351923,-0.123282641,0,0,0,0.246340007,0.0445500016,-0.313600004,15878,60602,61582,0.151963383,1.34678018,0.623564065,0.391730011,0.392399997,0,0.246340007,0.0450000018,0.313600004,3535,61946,60512,-0.500696242,1.04038298,-0.261146128,0.392069995,0.392069995,0,0.291200012,0,-0.156800002,34274,53981,50258,0.301874846,0.405699104,-0.203832611,0.393200010,0.346399993,1,0.291200012,0,0.156800002,49152,1819,0,-0.113600001,0.220273003,-0.236479998,0.393200010,0.346399993,1
513,35,0,35,-0.0299795866,1.20449352,-0.136965111,0,0,0,0.246340007,0.0445500016,-0.313600004,15836,60060,61466,0.143124282,1.35853064,0.631714642,0.391730011,0.392399997,0,0.246340007,0.0450000018,0.313600004,2110,61565,59195,-0.491194010,1.04750001,-0.286994994,0.392069995,0.392069995,0,0.291200012,0,-0.156800002,32639,53281,48550,0.299571007,0.407905996,-0.258861393,0.393200010,0.346399993,1,0.291200012,0,0.156800002,49152,1819,0,-0.113600001,0.220273003,-0.236479998,0.393200010,0.346399993,1
513,36,0,36,-0.0322939195,1.21498001,-0.150618732,0,0,0,0.246340007,0.0445500016,-0.313600004,15795,59519,61350,0.134418234,1.37010407,0.639742494,0.391730011,0.392399997,0,0.246340007,0.0450000018,0.313600004,686,61186,57880,-0.476471364,1.05457211,-0.312807083,0.392069995,0.392069995,0,0.291200012,0,-0.156800002,31006,52579,46841,0.292367935,0.407899767,-0.308975548,0.393200010,0.346399993,1,0.291200012,0,0.156800002,49152,1819,0,-0.113600001,0.220273003,-0.236479998,0.393200010,0.346399993,1
513,37,0,37,-0.0345568433,1.22486126,-0.164125666,0,0,0,0.246340007,0.0445500016,-0.313600004,15755,58983,61234,0.125905573,1.38142037,0.647592008,0.391730011,0.392399997,0,0.246340007,0.0450000018,0.313600004,64810,60812,56577,-0.455826849,1.06224430,-0.341109693,0.392069995,0.392069995,0,0.291200012,0,-0.156800002,29387,51882,45147,0.280243963,0.407884777,-0.353063136,0.393200010,0.346399993,1,0.291200012,0,0.156800002,49152,1819,0,-0.113600001,0.220273003,-0.236479998,0.393200010,0.346399993,1
513,38,0,38,-0.0367523246,1.23401988,-0.177368134,0,0,0,0.246340007,0.0445500016,-0.313600004,15716,58456,61121,0.117646649,1.39239955,0.655207574,0.391730011,0.392399997,0,0.246340007,0.0450000018,0.313600004,63423,60444,55298,-0.430282265,1.07035530,-0.371269882,0.392069995,0.392069995,0,0.291200012,0,-0.156800002,27798,51196,43483,0.264002055,0.407866597,-0.390012205,0.393200010,0.346399993,1,0.291200012,0,0.156800002,49152,1819,0,-0.113600001,0.220273003,-0.236479998,0.393200010,0.346399993,1
513,39,0,39,-0.0388643183,1.24233830,-0.190228239,0,0,0,0.246340007,0.0445500016,-0.313600004,15678,57944,61010,0.109701760,1.40296113,0.662533581,0.391730011,0.392399997,0,0.246340007,0.0450000018,0.313600004,62075,60088,54055,-0.400859475,1.07874370,-0.402654678,0.392069995,0.392069995,0,0.291200012,0,-0.156800002,26253,50527,41865,0.244445190,0.407850891,-0.418710500,0.393200010,0.346399993,1,0.291200012,0,0.156800002,49152,1819,0,-0.113600001,0.220273003,-0.236479998,0.393200010,0.346399993,1
513,40,0,40,-0.0408767909,1.24969912,-0.202588260,0,0,0,0.246340007,0.0445500016,-0.313600004,15641,57451,60904,0.102131225,1.41302502,0.669514358,0.391730011,0.392399997,0,0.246340007,0.0450000018,0.313600004,60777,59746,52859,-0.368580312,1.08724868,-0.434631079,0.392069995,0.392069995,0,0.291200012,0,-0.156800002,24767,49882,40306,0.222376302,0.407843202,-0.438046217,0.393200010,0.346399993,1,0.291200012,0,0.156800002,49152,1819,0,-0.113600001,0.220273003,-0.236479998,0.393200010,0.346399993,1
513,41,0,41,-0.0427737162,1.25598514,-0.214330316,0,0,0,0.246340007,0.0445500016,-0.313600004,15607,56983,60802,0.0949954093,1.42251122,0.676094234,0.391730011,0.392399997,0,0.246340007,0.0450000018,0.313600004,59543,59421,51722,-0.334466636,1.09570873,-0.466566145,0.392069995,0.392069995,0,0.291200012,0,-0.156800002,23354,49267,38824,0.198598370,0.407849103,-0.446907014,0.393200010,0.346399993,1,0.291200012,0,0.156800002,49152,1819,0,-0.113600001,0.220273003,-0.236479998,0.393200010,0.346399993,1
513,42,0,42,-0.0445390418,1.26107860,-0.225336567,0,0,0,0.246340007,0.0445500016,-0.313600004,15575,56543,60707,0.0883546099,1.43133926,0.682217777,0.391730011,0.392399997,0,0.246340007,0.0450000018,0.313600004,58384,59116,50656,-0.299540222,1.10396266,-0.497826993,0.392069995,0.392069995,0,0.291200012,0,-0.156800002,22028,48689,37433,0.173914298,0.407874256,-0.448189765,0.393200010,0.346399993,1,0.291200012,0,0.156800002,49152,1819,0,-0.113600001,0.220273003,-0.236479998,0.393200010,0.346399993,1
513,43,0,43,-0.0461567417,1.26486218,-0.235489205,0,0,0,0.246340007,0.0445500016,-0.313600004,15545,56137,60619,0.0822691396,1.43942904,0.687829137,0.391730011,0.392399997,0,0.246340007,0.0450000018,0.313600004,57315,58836,49671,-0.264822930,1.11184943,-0.527780533,0.392069995,0.392069995,0,0.291200012,0,-0.156800002,20804,48154,36148,0.149127096,0.407924175,-0.446104646,0.393200010,0.346399993,1,0.291200012,0,0.156800002,49152,1819,0,-0.113600001,0.220273003,-0.236479998,0.393200010,0.346399993,1
513,44,0,44,-0.0476107784,1.26721847,-0.244670436,0,0,0,0.246340007,0.0445500016,-0.313600004,15517,55769,60539,0.0767993852,1.44670033,0.692872882,0.391730011,0.392399997,0,0.246340007,0.0450000018,0.313600004,56347,58583,48781,-0.231336638,1.11920750,-0.555793941,0.392069995,0.392069995,0,0.291200012,0,-0.156800002,19696,47669,34984,0.125039726,0.408004522,-0.441510677,0.393200010,0.346399993,1,0.291200012,0,0.156800002,49152,1819,0,-0.113600001,0.220273003,-0.236479998,0.393200010,0.346399993,1
513,45,0,45,-0.0488851070,1.26803005,-0.252762437,0,0,0,0.246340007,0.0445500016,-0.313600004,15493,55445,60468,0.0720055923,1.45307302,0.697293222,0.391730011,0.392399997,0,0.246340007,0.0450000018,0.313600004,55493,58360,47995,-0.200103164,1.12587595,-0.581234097,0.392069995,0.392069995,0,0.291200012,0,-0.156800002,18719,47241,33958,0.102455080,0.408120841,-0.435266823,0.393200010,0.346399993,1,0.291200012,0,0.156800002,49152,1819,0,-0.113600001,0.220273003,-0.236479998,0.393200010,0.346399993,1
513,46,0,46,-0.0499637127,1.26790833,-0.259647369,0,0,0,0.246340007,0.0445500016,-0.313600004,15472,55169,60407,0.0679481104,1.45846677,0.701034546,0.391730011,0.392399997,0,0.246340007,0.0450000018,0.313600004,54766,58172,47327,-0.172144294,1.13169348,-0.603468180,0.392069995,0.392069995,0,0.291200012,0,-0.156800002,17888,46875,33084,0.0821762085,0.408278763,-0.428232014,0.393200010,0.346399993,1,0.291200012,0,0.156800002,49152,1819,0,-0.113600001,0.220273003,-0.236479998,0.393200010,0.346399993,1
513,47,0,47,-0.0508305356,1.26761830,-0.265207410,0,0,0,0.246340007,0.0445500016,-0.313600004,15454,54945,60357,0.0646873042,1.46280158,0.704041421,0.391730011,0.392399997,0,0.246340007,0.0450000018,0.313600004,54179,58020,46786,-0.148481905,1.13649893,-0.621863127,0.392069995,0.392069995,0,0.291200012,0,-0.156800002,17216,46578,32378,0.0650059804,0.408483833,-0.421265334,0.393200010,0.346399993,1,0.291200012,0,0.156800002,49152,1819,0,-0.113600001,0.220273003,-0.236479998,0.393200010,0.346399993,1
513,48,0,48,-0.0514695458,1.26727188,-0.269324750,0,0,0,0.246340007,0.0445500016,-0.313600004,15440,54779,60319,0.0622834601,1.46599722,0.706257999,0.391730011,0.392399997,0,0.246340007,0.0450000018,0.313600004,53743,57908,46386,-0.130137905,1.14013088,-0.635786116,0.392069995,0.392069995,0,0.291200012,0,-0.156800002,16718,46356,31855,0.0517474152,0.408741683,-0.415225595,0.393200010,0.346399993,1,0.291200012,0,0.156800002,49152,1819,0,-0.113600001,0.220273003,-0.236479998,0.393200010,0.346399993,1
513,49,0,49,-0.0518647172,1.26698172,-0.271881521,0,0,0,0.246340007,0.0445500016,-0.313600004,15429,54675,60295,0.0607969053,1.46797347,0.707628727,0.391730011,0.392399997,0,0.246340007,0.0450000018,0.313600004,53473,57840,46137,-0.118133970,1.14242828,-0.644604087,0.392069995,0.392069995,0,0.291200012,0,-0.156800002,16409,46217,31529,0.0432034284,0.409057885,-0.410971850,0.393200010,0.346399993,1,0.291200012,0,0.156800002,49152,1819,0,-0.113600001,0.220273003,-0.236479998,0.393200010,0.346399993,1
513,50,0,50,-0.0520000011,1.26686001,-0.272760004,0,0,0,0.246340007,0.0445500016,-0.313600004,15423,54639,60285,0.0602880009,1.46864998,0.708097994,0.391730011,0.392399997,0,0.246340007,0.0450000018,0.313600004,53380,57819,46052,-0.113491997,1.14322996,-0.647683978,0.392069995,0.392069995,0,0.291200012,0,-0.156800002,16302,46166,31417,0.0401769988,0.409438014,-0.409363002,0.393200010,0.346399993,1,0.291200012,0,0.156800002,49152,1819,0,-0.113600001,0.220273003,-0.236479998,0.393200010,0.346399993,1
513,51,0,51,-0.0519992821,1.26685858,-0.272758633,0,0,0,0.246340007,0.0445500016,-0.313600004,15419,54637,60282,0.0602897219,1.46864939,0.708099365,0.391730011,0.392399997,0,0.246340007,0.0450000018,0.313600004,53380,57823,46052,-0.112887807,1.14322877,-0.647682011,0.392069995,0.392069995,0,0.291200012,0,-0.156800002,16302,46162,31417,0.0401757061,0.412405998,-0.409361482,0.393200010,0.346399993,1,0.291200012,0,0.156800002,49152,1819,0,-0.113600001,0.220273003,-0.236479998,0.393200010,0.346399993,1
513,52,0,52,-0.0519971550,1.26685464,-0.272754550,0,0,0,0.246340007,0.0445500016,-0.313600004,15415,54636,60280,0.0602948293,1.46864772,0.708103478,0.391730011,0.392399997,0,0.246340007,0.0450000018,0.313600004,53380,57826,46052,-0.112315431,1.14322519,-0.647676110,0.392069995,0.392069995,0,0.291200012,0,-0.156800002,16302,46158,31417,0.0401718840,0.419926375,-0.409356982,0.393200010,0.346399993,1,0.291200012,0,0.156800002,49152,1819,0,-0.113600001,0.220273003,-0.236479998,0.393200010,0.346399993,1
513,53,0,53,-0.0519936606,1.26684797,-0.272747844,0,0,0,0.246340007,0.0445500016,-0.313600004,15412,54635,60278,0.0603032224,1.46864486,0.708110213,0.391730011,0.392399997,0,0.246340007,0.0450000018,0.313600004,53380,57829,46052,-0.111774206,1.14321947,-0.647666514,0.392069995,0.392069995,0,0.291200012,0,-0.156800002,16302,46155,31417,0.0401656106,0.431165546,-0.409349650,0.393200010,0.346399993,1,0.291200012,0,0.156800002,49152,1819,0,-0.113600001,0.220273003,-0.236479998,0.393200010,0.346399993,1
513,54,0,54,-0.0519888364,1.26683867,-0.272738546,0,0,0,0.246340007,0.0445500016,-0.313600004,15408,54634,60275,0.0603147969,1.46864104,0.708119512,0.391730011,0.392399997,0,0.246340007,0.0450000018,0.313600004,53380,57832,46052,-0.111263461,1.14321148,-0.647653222,0.392069995,0.392069995,0,0.291200012,0,-0.156800002,16302,46151,31417,0.0401569568,0.445290118,-0.409339517,0.393200010,0.346399993,1,0.291200012,0,0.156800002,49152,1819,0,-0.113600001,0.220273003,-0.236479998,0.393200010,0.346399993,1
513,55,0,55,-0.0519827232,1.26682699,-0.272726774,0,0,0,0.246340007,0.0445500016,-0.313600004,15405,54633,60273,0.0603294559,1.46863604,0.708131313,0.391730011,0.392399997,0,0.246340007,0.0450000018,0.313600004,53380,57835,46052,-0.110782497,1.14320135,-0.647636473,0.392069995,0.392069995,0,0.291200012,0,-0.156800002,16302,46148,31416,0.0401459932,0.461466581,-0.409326673,0.393200010,0.346399993,1,0.291200012,0,0.156800002,49152,1819,0,-0.113600001,0.220273003,-0.236479998,0.393200010,0.346399993,1
513,56,0,56,-0.0519753732,1.26681292,-0.272712559,0,0,0,0.246340007,0.0445500016,-0.313600004,15402,54632,60271,0.0603470989,1.46863019,0.708145499,0.391730011,0.392399997,0,0.246340007,0.0450000018,0.313600004,53380,57838,46052,-0.110330656,1.14318919,-0.647616208,0.392069995,0.392069995,0,0.291200012,0,-0.156800002,16301,46145,31416,0.0401327983,0.478861392,-0.409311235,0.393200010,0.346399993,1,0.291200012,0,0.156800002,49152,1819,0,-0.113600001,0.220273003,-0.236479998,0.393200010,0.346399993,1
513,57,0,57,-0.0519668236,1.26679647,-0.272695959,0,0,0,0.246340007,0.0445500016,-0.313600004,15400,54631,60269,0.0603676327,1.46862340,0.708161950,0.391730011,0.392399997,0,0.246340007,0.0450000018,0.313600004,53380,57841,46052,-0.109907255,1.14317513,-0.647592664,0.392069995,0.392069995,0,0.291200012,0,-0.156800002,16301,46142,31415,0.0401174426,0.496641099,-0.409293294,0.393200010,0.346399993,1,0.291200012,0,0.156800002,49152,1819,0,-0.113600001,0.220273003,-0.236479998,0.393200010,0.346399993,1
513,58,0,58,-0.0519571044,1.26677763,-0.272677064,0,0,0,0.246340007,0.0445500016,-0.313600004,15397,54630,60267,0.0603909455,1.46861565,0.708180666,0.391730011,0.392399997,0,0.246340007,0.0450000018,0.313600004,53380,57843,46052,-0.109511636,1.14315903,-0.647565961,0.392069995,0.392069995,0,0.291200012,0,-0.156800002,16300,46139,31415,0.0401000045,0.513972282,-0.409272879,0.393200010,0.346399993,1,0.291200012,0,0.156800002,49152,1819,0,-0.113600001,0.220273003,-0.236479998,0.393200010,0.346399993,1
513,59,0,59,-0.0519462675,1.26675677,-0.272655964,0,0,0,0.246340007,0.0445500016,-0.313600004,15394,54629,60265,0.0604169481,1.46860683,0.708201528,0.391730011,0.392399997,0,0.246340007,0.0450000018,0.313600004,53380,57846,46052,-0.109143101,1.14314103,-0.647536159,0.392069995,0.392069995,0,0.291200012,0,-0.156800002,16300,46136,31414,0.0400805548,0.530021369,-0.409250110,0.393200010,0.346399993,1,0.291200012,0,0.156800002,49152,1819,0,-0.113600001,0.220273003,-0.236479998,0.393200010,0.346399993,1
513,60,0,60,-0.0519343615,1.26673365,-0.272632658,0,0,0,0.246340007,0.0445500016,-0.313600004,15392,54629,60264,0.0604455359,1.46859741,0.708224475,0.391730011,0.392399997,0,0.246340007,0.0450000018,0.313600004,53380,57848,46051,-0.108800992,1.14312136,-0.647503376,0.392069995,0.392069995,0,0.291200012,0,-0.156800002,16299,46134,31414,0.0400591716,0.543954790,-0.409225106,0.393200010,0.346399993,1,0.291200012,0,0.156800002,49152,1819,0,-0.113600001,0.220273003,-0.236479998,0.393200010,0.346399993,1
513,61,0,61,-0.0519214086,1.26670849,-0.272607297,0,0,0,0.246340007,0.0445500016,-0.313600004,15390,54628,60262,0.0604766160,1.46858692,0.708249450,0.391730011,0.392399997,0,0.246340007,0.0450000018,0.313600004,53380,57850,46051,-0.108484626,1.14310002,-0.647467792,0.392069995,0.392069995,0,0.291200012,0,-0.156800002,16299,46132,31413,0.0400359333,0.554939270,-0.409197897,0.393200010,0.346399993,1,0.291200012,0,0.156800002,49152,1819,0,-0.113600001,0.220273003,-0.236479998,0.393200010,0.346399993,1
513,62,0,62,-0.0519074649,1.26668131,-0.272579879,0,0,0,0.246340007,0.0445500016,-0.313600004,15388,54627,60260,0.0605100803,1.46857584,0.708276391,0.391730011,0.392399997,0,0.246340007,0.0450000018,0.313600004,53380,57852,46051,-0.108193330,1.14307690,-0.647429407,0.392069995,0.392069995,0,0.291200012,0,-0.156800002,16298,46130,31412,0.0400109068,0.562141180,-0.409168631,0.393200010,0.346399993,1,0.291200012,0,0.156800002,49152,1819,0,-0.113600001,0.220273003,-0.236479998,0.393200010,0.346399993,1
513,63,0,63,-0.0518925674,1.26665235,-0.272550493,0,0,0,0.246340007,0.0445500016,-0.313600004,15386,54627,60259,0.0605458319,1.46856391,0.708305061,0.391730011,0.392399997,0,0.246340007,0.0450000018,0.313600004,53380,57854,46051,-0.107926413,1.14305222,-0.647388458,0.392069995,0.392069995,0,0.291200012,0,-0.156800002,16297,46128,31411,0.0399841629,0.564727008,-0.409137338,0.393200010,0.346399993,1,0.291200012,0,0.156800002,49152,1819,0,-0.113600001,0.220273003,-0.236479998,0.393200010,0.346399993,1
513,64,0,64,-0.0518767610,1.26662135,-0.272519261,0,0,0,0.246340007,0.0445500016,-0.313600004,15384,54627,60258,0.0605837740,1.46855116,0.708335519,0.391730011,0.392399997,0,0.246340007,0.0450000018,0.313600004,53380,57856,46051,-0.107683219,1.14302611,-0.647344887,0.392069995,0.392069995,0,0.291200012,0,-0.156800002,16297,46126,31410,0.0399557874,0.563326895,-0.409104109,0.393200010,0.346399993,1,0.291200012,0,0.156800002,49152,1819,0,-0.113600001,0.220273003,-0.236479998,0.393200010,0.346399993,1
513,65,0,65,-0.0518600792,1.26658857,-0.272486150,0,0,0,0.246340007,0.0445500016,-0.313600004,15383,54626,60256,0.0606238060,1.46853769,0.708367646,0.391730011,0.392399997,0,0.246340007,0.0450000018,0.313600004,53380,57858,46051,-0.107463084,1.14299846,-0.647299051,0.392069995,0.392069995,0,0.291200012,0,-0.156800002,16296,46124,31409,0.0399258509,0.559329391,-0.409069061,0.393200010,0.346399993,1,0.291200012,0,0.156800002,49152,1819,0,-0.113600001,0.220273003,-0.236479998,0.393200010,0.346399993,1
513,66,0,66,-0.0518425703,1.26655400,-0.272451311,0,0,0,0.246340007,0.0445500016,-0.313600004,15381,54626,60255,0.0606658272,1.46852362,0.708401442,0.391730011,0.392399997,0,0.246340007,0.0450000018,0.313600004,53380,57859,46051,-0.107265301,1.14296961,-0.647250891,0.392069995,0.392069995,0,0.291200012,0,-0.156800002,16295,46123,31408,0.0398944207,0.553038836,-0.409032315,0.393200010,0.346399993,1,0.291200012,0,0.156800002,49152,1819,0,-0.113600001,0.220273003,-0.236479998,0.393200010,0.346399993,1
513,67,0,67,-0.0518242717,1.26651788,-0.272414774,0,0,0,0.246340007,0.0445500016,-0.313600004,15380,54626,60254,0.0607097372,1.46850908,0.708436728,0.391730011,0.392399997,0,0.246340007,0.0450000018,0.313600004,53380,57861,46051,-0.107089214,1.14293921,-0.647200525,0.392069995,0.392069995,0,0.291200012,0,-0.156800002,16294,46122,31407,0.0398615822,0.544759452,-0.408993870,0.393200010,0.346399993,1,0.291200012,0,0.156800002,49152,1819,0,-0.113600001,0.220273003,-0.236479998,0.393200010,0.346399993,1
513,68,0,68,-0.0518052317,1.26648009,-0.272376627,0,0,0,0.246340007,0.0445500016,-0.313600004,15379,54626,60253,0.0607554391,1.46849382,0.708473384,0.391730011,0.392399997,0,0.246340007,0.0450000018,0.313600004,53380,57863,46051,-0.106934138,1.14290774,-0.647148192,0.392069995,0.392069995,0,0.291200012,0,-0.156800002,16294,46121,31406,0.0398273990,0.534795582,-0.408953875,0.393200010,0.346399993,1,0.291200012,0,0.156800002,49152,1819,0,-0.113600001,0.220273003,-0.236479998,0.393200010,0.346399993,1
513,69,0,69,-0.0517854840,1.26644087,-0.272336870,0,0,0,0.246340007,0.0445500016,-0.313600004,15378,54626,60252,0.0608028360,1.46847796,0.708511472,0.391730011,0.392399997,0,0.246340007,0.0450000018,0.313600004,53380,57864,46050,-0.106799409,1.14287519,-0.647093773,0.392069995,0.392069995,0,0.291200012,0,-0.156800002,16293,46120,31405,0.0397919565,0.523451447,-0.408912390,0.393200010,0.346399993,1,0.291200012,0,0.156800002,49152,1819,0,-0.113600001,0.220273003,-0.236479998,0.393200010,0.346399993,1
513,70,0,70,-0.0517650731,1.26639998,-0.272295684,0,0,0,0.246340007,0.0445500016,-0.313600004,15377,54626,60251,0.0608518235,1.46846163,0.708550811,0.391730011,0.392399997,0,0.246340007,0.0450000018,0.313600004,53380,57865,46050,-0.106684342,1.14284134,-0.647037685,0.392069995,0.392069995,0,0.291200012,0,-0.156800002,16292,46119,31404,0.0397553183,0.511031389,-0.408869535,0.393200010,0.346399993,1,0.291200012,0,0.156800002,49152,1819,0,-0.113600001,0.220273003,-0.236479998,0.393200010,0.346399993,1
513,71,0,71,-0.0517440401,1.26635790,-0.272253066,0,0,0,0.246340007,0.0445500016,-0.313600004,15376,54626,60250,0.0609023012,1.46844482,0.708591402,0.391730011,0.392399997,0,0.246340007,0.0450000018,0.313600004,53380,57866,46050,-0.106588267,1.14280665,-0.646979809,0.392069995,0.392069995,0,0.291200012,0,-0.156800002,16291,46118,31403,0.0397175625,0.497839749,-0.408825338,0.393200010,0.346399993,1,0.291200012,0,0.156800002,49152,1819,0,-0.113600001,0.220273003,-0.236479998,0.393200010,0.346399993,1
513,72,0,72,-0.0517224260,1.26631439,-0.272209078,0,0,0,0.246340007,0.0445500016,-0.313600004,15376,54626,60249,0.0609541722,1.46842742,0.708633006,0.391730011,0.392399997,0,0.246340007,0.0450000018,0.313600004,53380,57867,46050,-0.106510513,1.14277089,-0.646920383,0.392069995,0.392069995,0,0.291200012,0,-0.156800002,16290,46117,31402,0.0396787710,0.484180689,-0.408779979,0.393200010,0.346399993,1,0.291200012,0,0.156800002,49152,1819,0,-0.113600001,0.220273003,-0.236479998,0.393200010,0.346399993,1
513,73,0,73,-0.0517002754,1.26626968,-0.272163808,0,0,0,0.246340007,0.0445500016,-0.313600004,15375,54626,60248,0.0610073395,1.46840966,0.708675742,0.391730011,0.392399997,0,0.246340007,0.0450000018,0.313600004,53380,57868,46050,-0.106450401,1.14273417,-0.646859467,0.392069995,0.392069995,0,0.291200012,0,-0.156800002,16289,46117,31400,0.0396390073,0.470358580,-0.408733457,0.393200010,0.346399993,1,0.291200012,0,0.156800002,49152,1819,0,-0.113600001,0.220273003,-0.236479998,0.393200010,0.346399993,1
513,74,0,74,-0.0516776256,1.26622379,-0.272117347,0,0,0,0.246340007,0.0445500016,-0.313600004,15375,54626,60248,0.0610616989,1.46839154,0.708719313,0.391730011,0.392399997,0,0.246340007,0.0450000018,0.313600004,53380,57869,46050,-0.106407240,1.14269674,-0.646797061,0.392069995,0.392069995,0,0.291200012,0,-0.156800002,16288,46117,31399,0.0395983532,0.456677705,-0.408685863,0.393200010,0.346399993,1,0.291200012,0,0.156800002,49152,1819,0,-0.113600001,0.220273003,-0.236479998,0.393200010,0.346399993,1
513,75,0,75,-0.0516545177,1.26617670,-0.272069722,0,0,0,0.246340007,0.0445500016,-0.313600004,15374,54626,60247,0.0611171499,1.46837294,0.708763897,0.391730011,0.392399997,0,0.246340007,0.0450000018,0.313600004,53380,57870,46049,-0.106380381,1.14265859,-0.646733522,0.392069995,0.392069995,0,0.291200012,0,-0.156800002,16287,46116,31398,0.0395568796,0.443442315,-0.408637315,0.393200010,0.346399993,1,0.291200012,0,0.156800002,49152,1819,0,-0.113600001,0.220273003,-0.236479998,0.393200010,0.346399993,1
513,76,0,76,-0.0516309962,1.26612866,-0.272020996,0,0,0,0.246340007,0.0445500016,-0.313600004,15374,54626,60246,0.0611735992,1.46835411,0.708809257,0.391730011,0.392399997,0,0.246340007,0.0450000018,0.313600004,53380,57871,46049,-0.106369138,1.14261961,-0.646668851,0.392069995,0.392069995,0,0.291200012,0,-0.156800002,16286,46116,31396,0.0395146646,0.430956662,-0.408587933,0.393200010,0.346399993,1,0.291200012,0,0.156800002,49152,1819,0,-0.113600001,0.220273003,-0.236479998,0.393200010,0.346399993,1
513,77,0,77,-0.0516071059,1.26607966,-0.271971285,0,0,0,0.246340007,0.0445500016,-0.313600004,15374,54627,60246,0.0612309463,1.46833491,0.708855271,0.391730011,0.392399997,0,0.246340007,0.0450000018,0.313600004,53380,57872,46049,-0.106372818,1.14258015,-0.646603167,0.392069995,0.392069995,0,0.291200012,0,-0.156800002,16285,46116,31395,0.0394717753,0.419525176,-0.408537745,0.393200010,0.346399993,1,0.291200012,0,0.156800002,49152,1819,0,-0.113600001,0.220273003,-0.236479998,0.393200010,0.346399993,1
513,78,0,78,-0.0515828803,1.26602960,-0.271920592,0,0,0,0.246340007,0.0445500016,-0.313600004,15374,54627,60245,0.0612890832,1.46831548,0.708901942,0.391730011,0.392399997,0,0.246340007,0.0450000018,0.313600004,53380,57872,46049,-0.106390782,1.14254010,-0.646536469,0.392069995,0.392069995,0,0.291200012,0,-0.156800002,16284,46116,31394,0.0394282937,0.409451991,-0.408486873,0.393200010,0.346399993,1,0.291200012,0,0.156800002,49152,1819,0,-0.113600001,0.220273003,-0.236479998,0.393200010,0.346399993,1
513,79,0,79,-0.0515583642,1.26597869,-0.271869063,0,0,0,0.246340007,0.0445500016,-0.313600004,15374,54627,60245,0.0613479242,1.46829581,0.708949208,0.391730011,0.392399997,0,0.246340007,0.0450000018,0.313600004,53380,57873,46049,-0.106422320,1.14249957,-0.646468997,0.392069995,0.392069995,0,0.291200012,0,-0.156800002,16282,46116,31392,0.0393842906,0.419722468,-0.408435374,0.393200010,0.346399993,1,0.291200012,0,0.156800002,49152,1819,0,-0.113600001,0.220273003,-0.236479998,0.393200010,0.346399993,1
513,80,0,80,-0.0515335985,1.26592720,-0.271816701,0,0,0,0.246340007,0.0445500016,-0.313600004,15374,54628,60244,0.0614073575,1.46827602,0.708996892,0.391730011,0.392399997,0,0.246340007,0.0450000018,0.313600004,53380,57873,46049,-0.106466785,1.14245856,-0.646400928,0.392069995,0.392069995,0,0.291200012,0,-0.156800002,16281,46117,31391,0.0393398404,0.429992944,-0.408383369,0.393200010,0.346399993,1,0.291200012,0,0.156800002,49152,1819,0,-0.113600001,0.220273003,-0.236479998,0.393200010,0.346399993,1
513,81,0,81,-0.0515086278,1.26587474,-0.271763593,0,0,0,0.246340007,0.0445500016,-0.313600004,15374,54628,60244,0.0614672899,1.46825600,0.709045053,0.391730011,0.392399997,0,0.246340007,0.0450000018,0.313600004,53380,57874,46048,-0.106523477,1.14241719,-0.646332204,0.392069995,0.392069995,0,0.291200012,0,-0.156800002,16280,46117,31389,0.0392950140,0.440263450,-0.408330888,0.393200010,0.346399993,1,0.291200012,0,0.156800002,49152,1819,0,-0.113600001,0.220273003,-0.236479998,0.393200010,0.346399993,1
513,82,0,82,-0.0514834933,1.26582181,-0.271709800,0,0,0,0.246340007,0.0445500016,-0.313600004,15374,54629,60244,0.0615276173,1.46823597,0.709093511,0.391730011,0.392399997,0,0.246340007,0.0450000018,0.313600004,53380,57874,46048,-0.106591739,1.14237571,-0.646263003,0.392069995,0.392069995,0,0.291200012,0,-0.156800002,16279,46117,31388,0.0392498970,0.450534016,-0.408278108,0.393200010,0.346399993,1,0.291200012,0,0.156800002,49152,1819,0,-0.113600001,0.220273003,-0.236479998,0.393200010,0.346399993,1
513,83,0,83,-0.0514582284,1.26576817,-0.271655411,0,0,0,0.246340007,0.0445500016,-0.313600004,15375,54629,60244,0.0615882464,1.46821558,0.709142208,0.391730011,0.392399997,0,0.246340007,0.0450000018,0.313600004,53380,57874,46048,-0.106670879,1.14233387,-0.646193564,0.392069995,0.392069995,0,0.291200012,0,-0.156800002,16278,46118,31387,0.0392045565,0.460804552,-0.408225060,0.393200010,0.346399993,1,0.291200012,0,0.156800002,49152,1819,0,-0.113600001,0.220273003,-0.236479998,0.393200010,0.346399993,1
513,84,0,84,-0.0514328852,1.26571417,-0.271600485,0,0,0,0.246340007,0.0445500016,-0.313600004,15375,54630,60243,0.0616490692,1.46819532,0.709191084,0.391730011,0.392399997,0,0.246340007,0.0450000018,0.313600004,53380,57875,46048,-0.106760241,1.14229190,-0.646123827,0.392069995,0.392069995,0,0.291200012,0,-0.156800002,16277,46118,31385,0.0391590632,0.471075147,-0.408171833,0.393200010,0.346399993,1,0.291200012,0,0.156800002,49152,1819,0,-0.113600001,0.220273003,-0.236479998,0.393200010,0.346399993,1
513,85,0,85,-0.0514075011,1.26565969,-0.271545082,0,0,0,0.246340007,0.0445500016,-0.313600004,15376,54630,60243,0.0617100000,1.46817505,0.709240019,0.391730011,0.392399997,0,0.246340007,0.0450000018,0.313600004,53380,57875,46048,-0.106859133,1.14225006,-0.646053970,0.392069995,0.392069995,0,0.291200012,0,-0.156800002,16276,46119,31384,0.0391134955,0.481345713,-0.408118486,0.393200010,0.346399993,1,0.291200012,0,0.156800002,49152,1819,0,-0.113600001,0.220273003,-0.236479998,0.393200010,0.346399993,1
513,86,0,86,-0.0513821095,1.26560485,-0.271489292,0,0,0,0.246340007,0.0445500016,-0.313600004,15376,54631,60243,0.0617709272,1.46815455,0.709288895,0.391730011,0.392399997,0,0.246340007,0.0450000018,0.313600004,53380,57875,46047,-0.106966890,1.14220798,-0.645984173,0.392069995,0.392069995,0,0.291200012,0,-0.156800002,16274,46120,31382,0.0390679315,0.491616309,-0.408065140,0.393200010,0.346399993,1,0.291200012,0,0.156800002,49152,1819,0,-0.113600001,0.220273003,-0.236479998,0.393200010,0.346399993,1
513,87,0,87,-0.0513567701,1.26554954,-0.271433145,0,0,0,0.246340007,0.0445500016,-0.313600004,15377,54631,60243,0.0618317500,1.46813428,0.709337771,0.391730011,0.392399997,0,0.246340007,0.0450000018,0.313600004,53380,57875,46047,-0.107082836,1.14216602,-0.645914435,0.392069995,0.392069995,0,0.291200012,0,-0.156800002,16273,46120,31381,0.0390224382,0.501886904,-0.408011913,0.393200010,0.346399993,1,0.291200012,0,0.156800002,49152,1819,0,-0.113600001,0.220273003,-0.236479998,0.393200010,0.346399993,1
513,88,0,88,-0.0513315052,1.26549411,-0.271376699,0,0,0,0.246340007,0.0445500016,-0.313600004,15377,54632,60243,0.0618923791,1.46811390,0.709386468,0.391730011,0.392399997,0,0.246340007,0.0450000018,0.313600004,53380,57875,46047,-0.107206292,1.14212430,-0.645844936,0.392069995,0.392069995,0,0.291200012,0,-0.156800002,16272,46121,31379,0.0389770977,0.512157440,-0.407958865,0.393200010,0.346399993,1,0.291200012,0,0.156800002,49152,1819,0,-0.113600001,0.220273003,-0.236479998,0.393200010,0.346399993,1
513,89,0,89,-0.0513063706,1.26543856,-0.271320105,0,0,0,0.246340007,0.0445500016,-0.313600004,15378,54633,60243,0.0619527064,1.46809387,0.709434927,0.391730011,0.392399997,0,0.246340007,0.0450000018,0.313600004,53380,57875,46047,-0.107336581,1.14208269,-0.645775795,0.392069995,0.392069995,0,0.291200012,0,-0.156800002,16271,46122,31378,0.0389319733,0.522428036,-0.407906085,0.393200010,0.346399993,1,0.291200012,0,0.156800002,49152,1819,0,-0.113600001,0.220273003,-0.236479998,0.393200010,0.346399993,1
513,90,0,90,-0.0512814000,1.26538277,-0.271263331,0,0,0,0.246340007,0.0445500016,-0.313600004,15379,54633,60243,0.0620126426,1.46807384,0.709483087,0.391730011,0.392399997,0,0.246340007,0.0450000018,0.313600004,53380,57875,46047,-0.107473038,1.14204144,-0.645707071,0.392069995,0.392069995,0,0.291200012,0,-0.156800002,16270,46123,31376,0.0388871543,0.532698572,-0.407853603,0.393200010,0.346399993,1,0.291200012,0,0.156800002,49152,1819,0,-0.113600001,0.220273003,-0.236479998,0.393200010,0.346399993,1
513,91,0,91,-0.0512566343,1.26532710,-0.271206498,0,0,0,0.246340007,0.0445500016,-0.313600004,15379,54634,60243,0.0620720759,1.46805406,0.709530771,0.391730011,0.392399997,0,0.246340007,0.0450000018,0.313600004,53380,57875,46046,-0.107614972,1.14200044,-0.645639002,0.392069995,0.392069995,0,0.291200012,0,-0.156800002,16269,46124,31375,0.0388427041,0.542969108,-0.407801598,0.393200010,0.346399993,1,0.291200012,0,0.156800002,49152,1819,0,-0.113600001,0.220273003,-0.236479998,0.393200010,0.346399993,1
513,92,0,92,-0.0512321182,1.26527131,-0.271149665,0,0,0,0.246340007,0.0445500016,-0.313600004,15380,54635,60243,0.0621309131,1.46803439,0.709578037,0.391730011,0.392399997,0,0.246340007,0.0450000018,0.313600004,53380,57875,46046,-0.107761726,1.14195991,-0.645571530,0.392069995,0.392069995,0,0.291200012,0,-0.156800002,16268,46125,31374,0.0387987010,0.553239584,-0.407750100,0.393200010,0.346399993,1,0.291200012,0,0.156800002,49152,1819,0,-0.113600001,0.220273003,-0.236479998,0.393200010,0.346399993,1
513,93,0,93,-0.0512078926,1.26521575,-0.271092921,0,0,0,0.246340007,0.0445500016,-0.313600004,15381,54635,60243,0.0621890500,1.46801496,0.709624708,0.391730011,0.392399997,0,0.246340007,0.0450000018,0.313600004,53380,57874,46046,-0.107912600,1.14191985,-0.645504832,0.392069995,0.392069995,0,0.291200012,0,-0.156800002,16267,46126,31372,0.0387552157,0.563510001,-0.407699257,0.393200010,0.346399993,1,0.291200012,0,0.156800002,49152,1819,0,-0.113600001,0.220273003,-0.236479998,0.393200010,0.346399993,1
513,94,0,94,-0.0511840023,1.26516032,-0.271036297,0,0,0,0.246340007,0.0445500016,-0.313600004,15382,54636,60243,0.0622463971,1.46799576,0.709670722,0.391730011,0.392399997,0,0.246340007,0.0450000018,0.313600004,53380,57874,46046,-0.108066939,1.14188039,-0.645439148,0.392069995,0.392069995,0,0.291200012,0,-0.156800002,16266,46127,31371,0.0387123302,0.562254190,-0.407649040,0.393200010,0.346399993,1,0.291200012,0,0.156800002,49152,1819,0,-0.113600001,0.220273003,-0.236479998,0.393200010,0.346399993,1
513,95,0,95,-0.0511604808,1.26510513,-0.270979881,0,0,0,0.246340007,0.0445500016,-0.313600004,15383,54637,60243,0.0623028465,1.46797693,0.709716082,0.391730011,0.392399997,0,0.246340007,0.0450000018,0.313600004,53380,57874,46046,-0.108224072,1.14184141,-0.645374477,0.392069995,0.392069995,0,0.291200012,0,-0.156800002,16264,46128,31370,0.0386701114,0.558659792,-0.407599658,0.393200010,0.346399993,1,0.291200012,0,0.156800002,49152,1819,0,-0.113600001,0.220273003,-0.236479998,0.393200010,0.346399993,1
513,96,0,96,-0.0511373729,1.26505017,-0.270923734,0,0,0,0.246340007,0.0445500016,-0.313600004,15383,54637,60244,0.0623582974,1.46795833,0.709760666,0.391730011,0.392399997,0,0.246340007,0.0450000018,0.313600004,53380,57874,46045,-0.108383305,1.14180326,-0.645310938,0.392069995,0.392069995,0,0.291200012,0,-0.156800002,16263,46129,31368,0.0386286415,0.552986860,-0.407551140,0.393200010,0.346399993,1,0.291200012,0,0.156800002,49152,1819,0,-0.113600001,0.220273003,-0.236479998,0.393200010,0.346399993,1
513,97,0,97,-0.0511147231,1.26499581,-0.270867944,0,0,0,0.246340007,0.0445500016,-0.313600004,15384,54638,60244,0.0624126568,1.46794021,0.709804237,0.391730011,0.392399997,0,0.246340007,0.0450000018,0.313600004,53380,57873,46045,-0.108543970,1.14176571,-0.645248532,0.392069995,0.392069995,0,0.291200012,0,-0.156800002,16262,46130,31367,0.0385879874,0.545495093,-0.407503515,0.393200010,0.346399993,1,0.291200012,0,0.156800002,49152,1819,0,-0.113600001,0.220273003,-0.236479998,0.393200010,0.346399993,1
513,98,0,98,-0.0510925725,1.26494169,-0.270812511,0,0,0,0.246340007,0.0445500016,-0.313600004,15385,54638,60244,0.0624658242,1.46792245,0.709846973,0.391730011,0.392399997,0,0.246340007,0.0450000018,0.313600004,53380,57873,46045,-0.108705409,1.14172912,-0.645187616,0.392069995,0.392069995,0,0.291200012,0,-0.156800002,16261,46131,31366,0.0385482237,0.536444545,-0.407456994,0.393200010,0.346399993,1,0.291200012,0,0.156800002,49152,1819,0,-0.113600001,0.220273003,-0.236479998,0.393200010,0.346399993,1
513,99,0,99,-0.0510709584,1.26488805,-0.270757586,0,0,0,0.246340007,0.0445500016,-0.313600004,15386,54639,60244,0.0625176951,1.46790504,0.709888577,0.391730011,0.392399997,0,0.246340007,0.0450000018,0.313600004,53380,57872,46045,-0.108866915,1.14169335,-0.645128191,0.392069995,0.392069995,0,0.291200012,0,-0.156800002,16260,46132,31364,0.0385094322,0.526095092,-0.407411635,0.393200010,0.346399993,1,0.291200012,0,0.156800002,49152,1819,0,-0.113600001,0.220273003,-0.236479998,0.393200010,0.346399993,1
513,100,0,100,-0.0510499217,1.26483512,-0.270703197,0,0,0,0.246340007,0.0445500016,-0.313600004,15387,54640,60244,0.0625681728,1.46788824,0.709929168,0.391730011,0.392399997,0,0.246340007,0.0450000018,0.313600004,53380,57872,46045,-0.109027833,1.14165854,-0.645070314,0.392069995,0.392069995,0,0.291200012,0,-0.156800002,16260,46133,31363,0.0384716764,0.514706492,-0.407367438,0.393200010,0.346399993,1,0.291200012,0,0.156800002,49152,1819,0,-0.113600001,0.220273003,-0.236479998,0.393200010,0.346399993,1
513,101,0,101,-0.0510295145,1.26478279,-0.270649433,0,0,0,0.246340007,0.0445500016,-0.313600004,15388,54640,60244,0.0626171604,1.46787190,0.709968507,0.391730011,0.392399997,0,0.246340007,0.0450000018,0.313600004,53380,57872,46044,-0.109187484,1.14162481,-0.645014167,0.392069995,0.392069995,0,0.291200012,0,-0.156800002,16259,46134,31362,0.0384350382,0.502538621,-0.407324582,0.393200010,0.346399993,1,0.291200012,0,0.156800002,49152,1819,0,-0.113600001,0.220273003,-0.236479998,0.393200010,0.346399993,1
513,102,0,102,-0.0510097668,1.26473117,-0.270596296,0,0,0,0.246340007,0.0445500016,-0.313600004,15389,54641,60245,0.0626645535,1.46785605,0.710006595,0.391730011,0.392399997,0,0.246340007,0.0450000018,0.313600004,53380,57871,46044,-0.109345198,1.14159214,-0.644959807,0.392069995,0.392069995,0,0.291200012,0,-0.156800002,16258,46135,31361,0.0383995958,0.489851505,-0.407283098,0.393200010,0.346399993,1,0.291200012,0,0.156800002,49152,1819,0,-0.113600001,0.220273003,-0.236479998,0.393200010,0.346399993,1
513,103,0,103,-0.0509907231,1.26468039,-0.270543963,0,0,0,0.246340007,0.0445500016,-0.313600004,15390,54642,60245,0.0627102628,1.46784079,0.710043252,0.391730011,0.392399997,0,0.246340007,0.0450000018,0.313600004,53380,57871,46044,-0.109500289,1.14156067,-0.644907475,0.392069995,0.392069995,0,0.291200012,0,-0.156800002,16257,46136,31360,0.0383654125,0.476904869,-0.407243103,0.393200010,0.346399993,1,0.291200012,0,0.156800002,49152,1819,0,-0.113600001,0.220273003,-0.236479998,0.393200010,0.346399993,1
513,104,0,104,-0.0509724282,1.26463032,-0.270492405,0,0,0,0.246340007,0.0445500016,-0.313600004,15391,54642,60245,0.0627541691,1.46782625,0.710078537,0.391730011,0.392399997,0,0.246340007,0.0450000018,0.313600004,53380,57870,46044,-0.109652087,1.14153039,-0.644857109,0.392069995,0.392069995,0,0.291200012,0,-0.156800002,16256,46137,31359,0.0383325741,0.463958710,-0.407204658,0.393200010,0.346399993,1,0.291200012,0,0.156800002,49152,1819,0,-0.113600001,0.220273003,-0.236479998,0.393200010,0.346399993,1
513,105,0,105,-0.0509549156,1.26458120,-0.270441741,0,0,0,0.246340007,0.0445500016,-0.313600004,15391,54643,60245,0.0627961904,1.46781218,0.710112333,0.391730011,0.392399997,0,0.246340007,0.0450000018,0.313600004,53380,57870,46044,-0.109799914,1.14150143,-0.644808888,0.392069995,0.392069995,0,0.291200012,0,-0.156800002,16255,46138,31358,0.0383011438,0.451272875,-0.407167912,0.393200010,0.346399993,1,0.291200012,0,0.156800002,49152,1819,0,-0.113600001,0.220273003,-0.236479998,0.393200010,0.346399993,1
513,106,0,106,-0.0509382375,1.26453316,-0.270392001,0,0,0,0.246340007,0.0445500016,-0.313600004,15392,54643,60246,0.0628362224,1.46779871,0.710144460,0.391730011,0.392399997,0,0.246340007,0.0450000018,0.313600004,53380,57869,46044,-0.109943107,1.14147377,-0.644763112,0.392069995,0.392069995,0,0.291200012,0,-0.156800002,16254,46139,31357,0.0382712074,0.439107150,-0.407132864,0.393200010,0.346399993,1,0.291200012,0,0.156800002,49152,1819,0,-0.113600001,0.220273003,-0.236479998,0.393200010,0.346399993,1
513,107,0,107,-0.0509224311,1.26448607,-0.270343304,0,0,0,0.246340007,0.0445500016,-0.313600004,15393,54644,60246,0.0628741682,1.46778595,0.710174918,0.391730011,0.392399997,0,0.246340007,0.0450000018,0.313600004,53380,57869,46043,-0.110080972,1.14144766,-0.644719541,0.392069995,0.392069995,0,0.291200012,0,-0.156800002,16254,46140,31356,0.0382428318,0.427721530,-0.407099664,0.393200010,0.346399993,1,0.291200012,0,0.156800002,49152,1819,0,-0.113600001,0.220273003,-0.236479998,0.393200010,0.346399993,1
513,108,0,108,-0.0509075299,1.26444018,-0.270295650,0,0,0,0.246340007,0.0445500016,-0.313600004,15394,54644,60246,0.0629099235,1.46777403,0.710203588,0.391730011,0.392399997,0,0.246340007,0.0450000018,0.313600004,53380,57868,46043,-0.110212855,1.14142311,-0.644678593,0.392069995,0.392069995,0,0.291200012,0,-0.156800002,16253,46141,31355,0.0382160880,0.417375833,-0.407068372,0.393200010,0.346399993,1,0.291200012,0,0.156800002,49152,1819,0,-0.113600001,0.220273003,-0.236479998,0.393200010,0.346399993,1
513,109,0,109,-0.0508935899,1.26439548,-0.270249188,0,0,0,0.246340007,0.0445500016,-0.313600004,15394,54645,60246,0.0629433841,1.46776295,0.710230529,0.391730011,0.392399997,0,0.246340007,0.0450000018,0.313600004,53380,57868,46043,-0.110338055,1.14139998,-0.644640207,0.392069995,0.392069995,0,0.291200012,0,-0.156800002,16252,46141,31354,0.0381910577,0.408329993,-0.407039076,0.393200010,0.346399993,1,0.291200012,0,0.156800002,49152,1819,0,-0.113600001,0.220273003,-0.236479998,0.393200010,0.346399993,1
513,110,0,110,-0.0508806370,1.26435196,-0.270203918,0,0,0,0.246340007,0.0445500016,-0.313600004,15395,54645,60246,0.0629744604,1.46775246,0.710255504,0.391730011,0.392399997,0,0.246340007,0.0450000018,0.313600004,53380,57867,46043,-0.110455915,1.14137852,-0.644604623,0.392069995,0.392069995,0,0.291200012,0,-0.156800002,16252,46142,31354,0.0381678194,0.418918490,-0.407011867,0.393200010,0.346399993,1,0.291200012,0,0.156800002,49152,1819,0,-0.113600001,0.220273003,-0.236479998,0.393200010,0.346399993,1
513,111,0,111,-0.0508687273,1.26430988,-0.270159960,0,0,0,0.246340007,0.0445500016,-0.313600004,15396,54646,60247,0.0630030483,1.46774304,0.710278451,0.391730011,0.392399997,0,0.246340007,0.0450000018,0.313600004,53380,57867,46043,-0.110565759,1.14135885,-0.644571841,0.392069995,0.392069995,0,0.291200012,0,-0.156800002,16251,46143,31353,0.0381464362,0.429507077,-0.406986862,0.393200010,0.346399993,1,0.291200012,0,0.156800002,49152,1819,0,-0.113600001,0.220273003,-0.236479998,0.393200010,0.346399993,1
513,112,0,112,-0.0508578941,1.26426911,-0.270117342,0,0,0,0.246340007,0.0445500016,-0.313600004,15396,54646,60247,0.0630290508,1.46773422,0.710299313,0.391730011,0.392399997,0,0.246340007,0.0450000018,0.313600004,53380,57866,46043,-0.110666901,1.14134097,-0.644542038,0.392069995,0.392069995,0,0.291200012,0,-0.156800002,16251,46144,31352,0.0381269902,0.440095633,-0.406964093,0.393200010,0.346399993,1,0.291200012,0,0.156800002,49152,1819,0,-0.113600001,0.220273003,-0.236479998,0.393200010,0.346399993,1
513,113,0,113,-0.0508481748,1.26422977,-0.270076126,0,0,0,0.246340007,0.0445500016,-0.313600004,15397,54647,60247,0.0630523711,1.46772647,0.710318029,0.391730011,0.392399997,0,0.246340007,0.0450000018,0.313600004,53380,57866,46043,-0.110758670,1.14132488,-0.644515336,0.392069995,0.392069995,0,0.291200012,0,-0.156800002,16250,46144,31352,0.0381095521,0.450684249,-0.406943679,0.393200010,0.346399993,1,0.291200012,0,0.156800002,49152,1819,0,-0.113600001,0.220273003,-0.236479998,0.393200010,0.346399993,1
513,114,0,114,-0.0508396216,1.26419210,-0.270036399,0,0,0,0.246340007,0.0445500016,-0.313600004,15397,54647,60247,0.0630728975,1.46771967,0.710334480,0.391730011,0.392399997,0,0.246340007,0.0450000018,0.313600004,53380,57865,46042,-0.110840410,1.14131081,-0.644491732,0.392069995,0.392069995,0,0.291200012,0,-0.156800002,16250,46145,31351,0.0380941965,0.461272866,-0.406925738,0.393200010,0.346399993,1,0.291200012,0,0.156800002,49152,1819,0,-0.113600001,0.220273003,-0.236479998,0.393200010,0.346399993,1
513,115,0,115,-0.0508322753,1.26415586,-0.269998223,0,0,0,0.246340007,0.0445500016,-0.313600004,15398,54647,60247,0.0630905405,1.46771383,0.710348666,0.391730011,0.392399997,0,0.246340007,0.0450000018,0.313600004,53380,57865,46042,-0.110911414,1.14129853,-0.644471526,0.392069995,0.392069995,0,0.291200012,0,-0.156800002,16250,46145,31351,0.0380810015,0.471861511,-0.406910300,0.393200010,0.346399993,1,0.291200012,0,0.156800002,49152,1819,0,-0.113600001,0.220273003,-0.236479998,0.393200010,0.346399993,1
513,116,0,116,-0.0508261621,1.26412129,-0.269961715,0,0,0,0.246340007,0.0445500016,-0.313600004,15398,54647,60247,0.0631052032,1.46770883,0.710360467,0.391730011,0.392399997,0,0.246340007,0.0450000018,0.313600004,53380,57864,46042,-0.110971019,1.14128852,-0.644454777,0.392069995,0.392069995,0,0.291200012,0,-0.156800002,16249,46146,31350,0.0380700417,0.482450157,-0.406897455,0.393200010,0.346399993,1,0.291200012,0,0.156800002,49152,1819,0,-0.113600001,0.220273003,-0.236479998,0.393200010,0.346399993,1
513,117,0,117,-0.0508213378,1.26408863,-0.269926846,0,0,0,0.246340007,0.0445500016,-0.313600004,15398,54648,60247,0.0631167740,1.46770501,0.710369766,0.391730011,0.392399997,0,0.246340007,0.0450000018,0.313600004,53380,57864,46042,-0.111018561,1.14128053,-0.644441485,0.392069995,0.392069995,0,0.291200012,0,-0.156800002,16249,46146,31350,0.0380613841,0.493038803,-0.406887323,0.393200010,0.346399993,1,0.291200012,0,0.156800002,49152,1819,0,-0.113600001,0.220273003,-0.236479998,0.393200010,0.346399993,1
513,118,0,118,-0.0508178435,1.26405764,-0.269893765,0,0,0,0.246340007,0.0445500016,-0.313600004,15398,54648,60248,0.0631251708,1.46770215,0.710376501,0.391730011,0.392399997,0,0.246340007,0.0450000018,0.313600004,53380,57863,46042,-0.111053355,1.14127469,-0.644431889,0.392069995,0.392069995,0,0.291200012,0,-0.156800002,16249,46146,31350,0.0380551070,0.503627419,-0.406879991,0.393200010,0.346399993,1,0.291200012,0,0.156800002,49152,1819,0,-0.113600001,0.220273003,-0.236479998,0.393200010,0.346399993,1
513,119,0,119,-0.0508157164,1.26402855,-0.269862503,0,0,0,0.246340007,0.0445500016,-0.313600004,15399,54648,60248,0.0631302744,1.46770048,0.710380614,0.391730011,0.392399997,0,0.246340007,0.0450000018,0.313600004,53380,57863,46042,-0.111074723,1.14127123,-0.644425988,0.392069995,0.392069995,0,0.291200012,0,-0.156800002,16249,46146,31350,0.0380512886,0.514216125,-0.406875491,0.393200010,0.346399993,1,0.291200012,0,0.156800002,49152,1819,0,-0.113600001,0.220273003,-0.236479998,0.393200010,0.346399993,1
513,120,0,120,-0.0508150011,1.26400137,-0.269833148,0,0,0,0.246340007,0.0445500016,-0.313600004,15399,54648,60248,0.0631320029,1.46770000,0.710381985,0.391730011,0.392399997,0,0.246340007,0.0450000018,0.313600004,53380,57862,46042,-0.111082003,1.14127004,-0.644424021,0.392069995,0.392069995,0,0.291200012,0,-0.156800002,16249,46146,31350,0.0380499996,0.524804711,-0.406874001,0.393200010,0.346399993,1,0.291200012,0,0.156800002,49152,1819,0,-0.113600001,0.220273003,-0.236479998,0.393200010,0.346399993,1
513,121,0,121,-0.0507213064,1.26397622,-0.269805729,0,0,0,0.246340007,0.0445500016,-0.313600004,15400,54648,60252,0.0634874254,1.46722233,0.710045218,0.391730011,0.392399997,0,0.246340007,0.0450000018,0.313600004,53380,57862,46042,-0.113261633,1.14079916,-0.643931448,0.392069995,0.392069995,0,0.291200012,0,-0.156800002,16310,46172,31413,0.0415328927,0.535393298,-0.408246905,0.393200010,0.346399993,1,0.291200012,0,0.156800002,49152,1819,0,-0.113600001,0.220273003,-0.236479998,0.393200010,0.346399993,1
513,122,0,122,-0.0504465923,1.26395321,-0.269780368,0,0,0,0.246340007,0.0445500016,-0.313600004,15406,54669,60265,0.0645295829,1.46582162,0.709057808,0.391730011,0.392399997,0,0.246340007,0.0450000018,0.313600004,53380,57862,46042,-0.119541764,1.13943267,-0.642451048,0.392069995,0.392069995,0,0.291200012,0,-0.156800002,16487,46246,31598,0.0513240546,0.545981884,-0.412105978,0.393200010,0.346399993,1,0.291200012,0,0.156800002,49152,1819,0,-0.113600001,0.220273003,-0.236479998,0.393200010,0.346399993,1
513,123,0,123,-0.0500003733,1.26393223,-0.269757062,0,0,0,0.246340007,0.0445500016,-0.313600004,15414,54731,60286,0.0662223324,1.46354640,0.707453847,0.391730011,0.392399997,0,0.246340007,0.0450000018,0.313600004,53380,57862,46042,-0.129534200,1.13723969,-0.639978886,0.392069995,0.392069995,0,0.291200012,0,-0.156800002,16776,46368,31898,0.0664371774,0.556570411,-0.418061942,0.393200010,0.346399993,1,0.291200012,0,0.156800002,49152,1819,0,-0.113600001,0.220273003,-0.236479998,0.393200010,0.346399993,1
513,124,0,124,-0.0493921824,1.26391351,-0.269735932,0,0,0,0.246340007,0.0445500016,-0.313600004,15426,54831,60314,0.0685295388,1.46044540,0.705267608,0.391730011,0.392399997,0,0.246340007,0.0450000018,0.313600004,53380,57861,46042,-0.142850742,1.13428915,-0.636510849,0.392069995,0.392069995,0,0.291200012,0,-0.156800002,17170,46533,32307,0.0858859792,0.567158997,-0.425725430,0.393200010,0.346399993,1,0.291200012,0,0.156800002,49152,1819,0,-0.113600001,0.220273003,-0.236479998,0.393200010,0.346399993,1
513,125,0,125,-0.0486315452,1.26389694,-0.269717067,0,0,0,0.246340007,0.0445500016,-0.313600004,15441,54968,60350,0.0714150444,1.45656717,0.702533364,0.391730011,0.392399997,0,0.246340007,0.0450000018,0.313600004,53380,57861,46041,-0.159103245,1.13065016,-0.632042944,0.392069995,0.392069995,0,0.291200012,0,-0.156800002,17663,46739,32819,0.108684137,0.564928293,-0.434707165,0.393200010,0.346399993,1,0.291200012,0,0.156800002,49152,1819,0,-0.113600001,0.220273003,-0.236479998,0.393200010,0.346399993,1
513,126,0,126,-0.0477279872,1.26388288,-0.269700468,0,0,0,0.246340007,0.0445500016,-0.313600004,15458,55139,60393,0.0748427212,1.45196021,0.699285507,0.391730011,0.392399997,0,0.246340007,0.0450000018,0.313600004,53380,57861,46041,-0.177903533,1.12639177,-0.626571238,0.392069995,0.392069995,0,0.291200012,0,-0.156800002,18248,46985,33427,0.133845359,0.559658349,-0.444617778,0.393200010,0.346399993,1,0.291200012,0,0.156800002,49152,1819,0,-0.113600001,0.220273003,-0.236479998,0.393200010,0.346399993,1
513,127,0,127,-0.0466910452,1.26387119,-0.269686252,0,0,0,0.246340007,0.0445500016,-0.313600004,15479,55342,60441,0.0787764117,1.44667327,0.695558131,0.391730011,0.392399997,0,0.246340007,0.0450000018,0.313600004,53380,57861,46041,-0.198863417,1.12158298,-0.620091558,0.392069995,0.392069995,0,0.291200012,0,-0.156800002,18919,47266,34124,0.160383388,0.551846087,-0.455067933,0.393200010,0.346399993,1,0.291200012,0,0.156800002,49152,1819,0,-0.113600001,0.220273003,-0.236479998,0.393200010,0.346399993,1
513,128,0,128,-0.0455302410,1.26386201,-0.269674450,0,0,0,0.246340007,0.0445500016,-0.313600004,15501,55574,60496,0.0831799805,1.44075465,0.691385508,0.391730011,0.392399997,0,0.246340007,0.0450000018,0.313600004,53380,57861,46041,-0.221594736,1.11629295,-0.612600088,0.392069995,0.392069995,0,0.291200012,0,-0.156800002,19671,47581,34905,0.187311903,0.541988552,-0.465668350,0.393200010,0.346399993,1,0.291200012,0,0.156800002,49152,1819,0,-0.113600001,0.220273003,-0.236479998,0.393200010,0.346399993,1
513,129,0,129,-0.0442551039,1.26385534,-0.269665182,0,0,0,0.246340007,0.0445500016,-0.313600004,15526,55835,60556,0.0880172774,1.43425310,0.686801910,0.391730011,0.392399997,0,0.246340007,0.0450000018,0.313600004,53380,57860,46041,-0.245709240,1.11059082,-0.604092658,0.392069995,0.392069995,0,0.291200012,0,-0.156800002,20497,47928,35763,0.213644579,0.530582547,-0.476029634,0.393200010,0.346399993,1,0.291200012,0,0.156800002,49152,1819,0,-0.113600001,0.220273003,-0.236479998,0.393200010,0.346399993,1
513,130,0,130,-0.0428751558,1.26385128,-0.269658446,0,0,0,0.246340007,0.0445500016,-0.313600004,15553,56120,60621,0.0932521671,1.42721725,0.681841552,0.391730011,0.392399997,0,0.246340007,0.0450000018,0.313600004,53380,57860,46041,-0.270818830,1.10454547,-0.594565332,0.392069995,0.392069995,0,0.291200012,0,-0.156800002,21390,48302,36691,0.238395154,0.518125117,-0.485762507,0.393200010,0.346399993,1,0.291200012,0,0.156800002,49152,1819,0,-0.113600001,0.220273003,-0.236479998,0.393200010,0.346399993,1
513,131,0,131,-0.0413999334,1.26384997,-0.269654393,0,0,0,0.246340007,0.0445500016,-0.313600004,15581,56428,60690,0.0988484919,1.41969550,0.676538765,0.391730011,0.392399997,0,0.246340007,0.0450000018,0.313600004,53473,57885,46128,-0.296535283,1.09822595,-0.584014058,0.392069995,0.392069995,0,0.291200012,0,-0.156800002,22345,48703,37684,0.260577291,0.505113125,-0.494477630,0.393200010,0.346399993,1,0.291200012,0,0.156800002,49152,1819,0,-0.113600001,0.220273003,-0.236479998,0.393200010,0.346399993,1
513,132,0,132,-0.0398389623,1.26312006,-0.269652992,0,0,0,0.246340007,0.0445500016,-0.313600004,15611,56758,60763,0.104770102,1.41173649,0.670927644,0.391730011,0.392399997,0,0.246340007,0.0450000018,0.313600004,53743,57958,46379,-0.322470456,1.09170151,-0.572434843,0.392069995,0.392069995,0,0.291200012,0,-0.156800002,23356,49127,38734,0.279204756,0.492043585,-0.501785696,0.393200010,0.346399993,1,0.291200012,0,0.156800002,49152,1819,0,-0.113600001,0.220273003,-0.236479998,0.393200010,0.346399993,1
513,133,0,133,-0.0382017642,1.26099920,-0.268625855,0,0,0,0.246340007,0.0445500016,-0.313600004,15643,57106,60840,0.110980876,1.40338898,0.665042639,0.391730011,0.392399997,0,0.246340007,0.0450000018,0.313600004,54179,58075,46783,-0.348236173,1.08504117,-0.559823692,0.392069995,0.392069995,0,0.291200012,0,-0.156800002,24416,49571,39835,0.293291211,0.479413420,-0.507297337,0.393200010,0.346399993,1,0.291200012,0,0.156800002,49152,1819,0,-0.113600001,0.220273003,-0.236479998,0.393200010,0.346399993,1
513,134,0,134,-0.0364978760,1.25759029,-0.265644640,0,0,0,0.246340007,0.0445500016,-0.313600004,15676,57471,60920,0.117444672,1.39470136,0.658917844,0.391730011,0.392399997,0,0.246340007,0.0450000018,0.313600004,54766,58233,47329,-0.373444170,1.07831371,-0.546176553,0.392069995,0.392069995,0,0.291200012,0,-0.156800002,25519,50034,40982,0.301850379,0.467719555,-0.510623157,0.393200010,0.346399993,1,0.291200012,0,0.156800002,49152,1819,0,-0.113600001,0.220273003,-0.236479998,0.393200010,0.346399993,1
513,135,0,135,-0.0347368196,1.25299633,-0.260859638,0,0,0,0.246340007,0.0445500016,-0.313600004,15710,57850,61003,0.124125317,1.38572228,0.652587593,0.391730011,0.392399997,0,0.246340007,0.0450000018,0.313600004,55494,58429,48005,-0.397706360,1.07158864,-0.531489491,0.392069995,0.392069995,0,0.291200012,0,-0.156800002,26660,50512,42167,0.303896010,0.457459003,-0.511373997,0.393200010,0.346399993,1,0.291200012,0,0.156800002,49152,1819,0,-0.113600001,0.220273003,-0.236479998,0.393200010,0.346399993,1
513,136,0,136,-0.0329281203,1.24732065,-0.254421234,0,0,0,0.246340007,0.0445500016,-0.313600004,15745,58241,61088,0.130986691,1.37650037,0.646086037,0.391730011,0.392399997,0,0.246340007,0.0450000018,0.313600004,56348,58659,48798,-0.420634598,1.06493461,-0.515758336,0.392069995,0.392069995,0,0.291200012,0,-0.156800002,27831,51003,43383,0.301871866,0.447756588,-0.506222069,0.393200010,0.346399993,1,0.291200012,0,0.156800002,49152,1819,0,-0.113600001,0.220273003,-0.236479998,0.393200010,0.346399993,1
513,137,0,137,-0.0310813114,1.24066591,-0.246479616,0,0,0,0.246340007,0.0445500016,-0.313600004,15781,58642,61175,0.137992650,1.36708403,0.639447570,0.391730011,0.392399997,0,0.246340007,0.0450000018,0.313600004,57316,58919,49697,-0.441840529,1.05842090,-0.498979241,0.392069995,0.392069995,0,0.291200012,0,-0.156800002,29027,51505,44626,0.298935890,0.437462002,-0.492592514,0.393200010,0.346399993,1,0.291200012,0,0.156800002,49152,1819,0,-0.113600001,0.220273003,-0.236479998,0.393200010,0.346399993,1
513,138,0,138,-0.0292059202,1.23313546,-0.237185240,0,0,0,0.246340007,0.0445500016,-0.313600004,15818,59051,61263,0.145107016,1.35752201,0.632706285,0.391730011,0.392399997,0,0.246340007,0.0450000018,0.313600004,58386,59207,50691,-0.460936159,1.05211651,-0.481148064,0.392069995,0.392069995,0,0.291200012,0,-0.156800002,30241,52014,45888,0.295172721,0.426659465,-0.471224785,0.393200010,0.346399993,1,0.291200012,0,0.156800002,49152,1819,0,-0.113600001,0.220273003,-0.236479998,0.393200010,0.346399993,1
513,139,0,139,-0.0273114722,1.22483218,-0.226688296,0,0,0,0.246340007,0.0445500016,-0.313600004,15854,59465,61352,0.152293697,1.34786272,0.625896513,0.391730011,0.392399997,0,0.246340007,0.0450000018,0.313600004,59544,59518,51767,-0.477533251,1.04609060,-0.462260872,0.392069995,0.392069995,0,0.291200012,0,-0.156800002,31468,52528,47162,0.290666997,0.415432990,-0.442858309,0.393200010,0.346399993,1,0.291200012,0,0.156800002,49152,1819,0,-0.113600001,0.220273003,-0.236479998,0.393200010,0.346399993,1
513,140,0,140,-0.0254075006,1.21585917,-0.215139195,0,0,0,0.246340007,0.0445500016,-0.313600004,15891,59883,61441,0.159516498,1.33815515,0.619052529,0.391730011,0.392399997,0,0.246340007,0.0450000018,0.313600004,60779,59850,52913,-0.491243571,1.04041207,-0.442313671,0.392069995,0.392069995,0,0.291200012,0,-0.156800002,32701,53045,48443,0.285503387,0.403866678,-0.408232629,0.393200010,0.346399993,1,0.291200012,0,0.156800002,49152,1819,0,-0.113600001,0.220273003,-0.236479998,0.393200010,0.346399993,1
513,141,0,141,-0.0235035233,1.20631933,-0.202688217,0,0,0,0.246340007,0.0445500016,-0.313600004,15928,60301,61531,0.166739315,1.32844722,0.612208545,0.391730011,0.392399997,0,0.246340007,0.0450000018,0.313600004,62077,60199,54119,-0.501679003,1.03515005,-0.421302408,0.392069995,0.392069995,0,0.291200012,0,-0.156800002,33933,53562,49724,0.279766500,0.392044753,-0.368087351,0.393200010,0.346399993,1,0.291200012,0,0.156800002,49152,1819,0,-0.113600001,0.220273003,-0.236479998,0.393200010,0.346399993,1
513,142,0,142,-0.0216090791,1.19631588,-0.189485639,0,0,0,0.246340007,0.0445500016,-0.313600004,15965,60719,61620,0.173925981,1.31878805,0.605398774,0.391730011,0.392399997,0,0.246340007,0.0450000018,0.313600004,63426,60562,55371,-0.509093821,1.02988529,-0.399223000,0.392069995,0.392069995,0,0.291200012,0,-0.156800002,35160,54077,50998,0.273541003,0.380051196,-0.323161870,0.393200010,0.346399993,1,0.291200012,0,0.156800002,49152,1819,0,-0.113600001,0.220273003,-0.236479998,0.393200010,0.346399993,1
513,143,0,143,-0.0197336841,1.18595183,-0.175681815,0,0,0,0.246340007,0.0445500016,-0.313600004,16001,61133,61708,0.181040391,1.30922604,0.598657489,0.391730011,0.392399997,0,0.246340007,0.0450000018,0.313600004,64813,60935,56659,-0.514150381,1.02420592,-0.374751598,0.392069995,0.392069995,0,0.291200012,0,-0.156800002,36374,54586,52260,0.266911536,0.367970139,-0.274195731,0.393200010,0.346399993,1,0.291200012,0,0.156800002,49152,1819,0,-0.113600001,0.220273003,-0.236479998,0.393200010,0.346399993,1
513,144,0,144,-0.0178868826,1.17533004,-0.161427066,0,0,0,0.246340007,0.0445500016,-0.313600004,16037,61542,61794,0.188046291,1.29980969,0.592019022,0.391730011,0.392399997,0,0.246340007,0.0450000018,0.313600004,689,61315,57971,-0.517072380,1.01819193,-0.346949100,0.392069995,0.392069995,0,0.291200012,0,-0.156800002,37570,55087,53502,0.259962738,0.355885774,-0.221928462,0.393200010,0.346399993,1,0.291200012,0,0.156800002,49152,1819,0,-0.113600001,0.220273003,-0.236479998,0.393200010,0.346399993,1
513,145,0,145,-0.0160781816,1.16455376,-0.146871701,0,0,0,0.246340007,0.0445500016,-0.313600004,16072,61943,61879,0.194907665,1.29058778,0.585517466,0.391730011,0.392399997,0,0.246340007,0.0450000018,0.313600004,2114,61698,59294,-0.518083692,1.01192319,-0.316388935,0.392069995,0.392069995,0,0.291200012,0,-0.156800002,38741,55579,54719,0.252779335,0.343882114,-0.167099550,0.393200010,0.346399993,1,0.291200012,0,0.156800002,49152,1819,0,-0.113600001,0.220273003,-0.236479998,0.393200010,0.346399993,1
513,146,0,146,-0.0143171316,1.15372610,-0.132165968,0,0,0,0.246340007,0.0445500016,-0.313600004,16106,62334,61962,0.201588333,1.28160870,0.579187214,0.391730011,0.392399997,0,0.246340007,0.0450000018,0.313600004,3539,62081,60617,-0.517408013,1.00547957,-0.283644497,0.392069995,0.392069995,0,0.291200012,0,-0.156800002,39882,56057,55904,0.245445862,0.332043380,-0.110448532,0.393200010,0.346399993,1,0.291200012,0,0.156800002,49152,1819,0,-0.113600001,0.220273003,-0.236479998,0.393200010,0.346399993,1
513,147,0,147,-0.0126132350,1.14294982,-0.117460288,0,0,0,0.246340007,0.0445500016,-0.313600004,16139,62713,62042,0.208052129,1.27292097,0.573062420,0.391730011,0.392399997,0,0.246340007,0.0450000018,0.313600004,4951,62461,61929,-0.515269101,0.998940945,-0.249289304,0.392069995,0.392069995,0,0.291200012,0,-0.156800002,40985,56519,57050,0.238047034,0.320453554,-0.0527149625,0.393200010,0.346399993,1,0.291200012,0,0.156800002,49152,1819,0,-0.113600001,0.220273003,-0.236479998,0.393200010,0.346399993,1
513,148,0,148,-0.0109760389,1.13232815,-0.102904901,0,0,0,0.246340007,0.0445500016,-0.313600004,16171,63078,62119,0.214262888,1.26457345,0.567177355,0.391730011,0.392399997,0,0.246340007,0.0450000018,0.313600004,6338,62834,63217,-0.511890769,0.992387414,-0.213896766,0.392069995,0.392069995,0,0.291200012,0,-0.156800002,42045,56964,58152,0.230667457,0.309196800,0.00536183082,0.393200010,0.346399993,1,0.291200012,0,0.156800002,49152,1819,0,-0.113600001,0.220273003,-0.236479998,0.393200010,0.346399993,1
513,149,0,149,-0.00941506587,1.12196410,-0.0886501446,0,0,0,0.246340007,0.0445500016,-0.313600004,16201,63426,62192,0.220184505,1.25661457,0.561566293,0.391730011,0.392399997,0,0.246340007,0.0450000018,0.313600004,7686,63197,64470,-0.507496715,0.985898793,-0.178040281,0.392069995,0.392069995,0,0.291200012,0,-0.156800002,43056,57388,59202,0.223391846,0.298357248,0.0630420595,0.393200010,0.346399993,1,0.291200012,0,0.156800002,49152,1819,0,-0.113600001,0.220273003,-0.236479998,0.393200010,0.346399993,1
513,150,0,150,-0.00793984532,1.11196053,-0.0748463273,0,0,0,0.246340007,0.0445500016,-0.313600004,16230,63756,62262,0.225780860,1.24909282,0.556263447,0.391730011,0.392399997,0,0.246340007,0.0450000018,0.313600004,8984,63546,139,-0.502310812,0.979555130,-0.142293319,0.392069995,0.392069995,0,0.291200012,0,-0.156800002,44011,57788,60194,0.216304779,0.288019031,0.119586378,0.393200010,0.346399993,1,0.291200012,0,0.156800002,49152,1819,0,-0.113600001,0.220273003,-0.236479998,0.393200010,0.346399993,1
513,151,0,151,-0.00655989768,1.10242069,-0.0616437756,0,0,0,0.246340007,0.0445500016,-0.313600004,16257,64064,62326,0.231015727,1.24205697,0.551303148,0.391730011,0.392399997,0,0.246340007,0.0450000018,0.313600004,10219,63878,1286,-0.496556789,0.973436177,-0.107229300,0.392069995,0.392069995,0,0.291200012,0,-0.156800002,44905,58163,61123,0.209490910,0.278266162,0.174255461,0.393200010,0.346399993,1,0.291200012,0,0.156800002,49152,1819,0,-0.113600001,0.220273003,-0.236479998,0.393200010,0.346399993,1
513,152,0,152,-0.00528475828,1.09344769,-0.0491927639,0,0,0,0.246340007,0.0445500016,-0.313600004,16281,64350,62386,0.235853031,1.23555541,0.546719551,0.391730011,0.392399997,0,0.246340007,0.0450000018,0.313600004,11378,64190,2362,-0.490458399,0.967621982,-0.0734216273,0.392069995,0.392069995,0,0.291200012,0,-0.156800002,45730,58509,61981,0.203034937,0.269182801,0.226309463,0.393200010,0.346399993,1,0.291200012,0,0.156800002,49152,1819,0,-0.113600001,0.220273003,-0.236479998,0.393200010,0.346399993,1
513,153,0,153,-0.00412395457,1.08514440,-0.0376436748,0,0,0,0.246340007,0.0445500016,-0.313600004,16304,64610,62441,0.240256578,1.22963679,0.542546928,0.391730011,0.392399997,0,0.246340007,0.0450000018,0.313600004,12447,64477,3355,-0.484239429,0.962192476,-0.0414437912,0.392069995,0.392069995,0,0.291200012,0,-0.156800002,46482,58825,62762,0.197021484,0.260853142,0.275008887,0.393200010,0.346399993,1,0.291200012,0,0.156800002,49152,1819,0,-0.113600001,0.220273003,-0.236479998,0.393200010,0.346399993,1
513,154,0,154,-0.00308700791,1.07761395,-0.0271467380,0,0,0,0.246340007,0.0445500016,-0.313600004,16324,64842,62490,0.244190276,1.22434986,0.538819551,0.391730011,0.392399997,0,0.246340007,0.0450000018,0.313600004,13416,64738,4254,-0.478123635,0.957227588,-0.0118692284,0.392069995,0.392069995,0,0.291200012,0,-0.156800002,47153,59106,63459,0.191535175,0.253361166,0.319614530,0.393200010,0.346399993,1,0.291200012,0,0.156800002,49152,1819,0,-0.113600001,0.220273003,-0.236479998,0.393200010,0.346399993,1
513,155,0,155,-0.00218346016,1.07095933,-0.0178523660,0,0,0,0.246340007,0.0445500016,-0.313600004,16341,65045,62532,0.247617945,1.21974289,0.535571635,0.391730011,0.392399997,0,0.246340007,0.0450000018,0.313600004,14270,64967,5048,-0.472334802,0.952807188,0.0147286495,0.392069995,0.392069995,0,0.291200012,0,-0.156800002,47738,59352,64067,0.186660677,0.246791050,0.359386623,0.393200010,0.346399993,1,0.291200012,0,0.156800002,49152,1819,0,-0.113600001,0.220273003,-0.236479998,0.393200010,0.346399993,1
513,156,0,156,-0.00142281817,1.06528342,-0.00991078652,0,0,0,0.246340007,0.0445500016,-0.313600004,16356,65216,62568,0.250503451,1.21586466,0.532837451,0.391730011,0.392399997,0,0.246340007,0.0450000018,0.313600004,14997,65163,5723,-0.467096686,0.949011266,0.0377764627,0.392069995,0.392069995,0,0.291200012,0,-0.156800002,48231,59558,64579,0.182482645,0.241226837,0.393585622,0.393200010,0.346399993,1,0.291200012,0,0.156800002,49152,1819,0,-0.113600001,0.220273003,-0.236479998,0.393200010,0.346399993,1
513,157,0,157,-0.000814628438,1.06068957,-0.00347234099,0,0,0,0.246340007,0.0445500016,-0.313600004,16368,65353,62596,0.252810657,1.21276355,0.530651271,0.391730011,0.392399997,0,0.246340007,0.0450000018,0.313600004,15585,65321,6269,-0.462633103,0.945919812,0.0567007959,0.392069995,0.392069995,0,0.291200012,0,-0.156800002,48625,59723,64988,0.179085702,0.236752793,0.421472281,0.393200010,0.346399993,1,0.291200012,0,0.156800002,49152,1819,0,-0.113600001,0.220273003,-0.236479998,0.393200010,0.346399993,1
513,158,0,158,-0.000368412642,1.05728078,0.00131262816,0,0,0,0.246340007,0.0445500016,-0.313600004,16377,65453,62617,0.254503399,1.21048844,0.529047310,0.391730011,0.392399997,0,0.246340007,0.0450000018,0.313600004,16020,65438,6673,-0.459167749,0.943612635,0.0709280893,0.392069995,0.392069995,0,0.291200012,0,-0.156800002,48914,59844,65288,0.176554501,0.233452827,0.442306876,0.393200010,0.346399993,1,0.291200012,0,0.156800002,49152,1819,0,-0.113600001,0.220273003,-0.236479998,0.393200010,0.346399993,1
513,159,0,159,-0.0000936926008,1.05515981,0.00429383572,0,0,0,0.246340007,0.0445500016,-0.313600004,16382,65515,62630,0.255545557,1.20908773,0.528059781,0.391730011,0.392399997,0,0.246340007,0.0450000018,0.313600004,16291,65511,6924,-0.456924438,0.942169726,0.0798849687,0.392069995,0.392069995,0,0.291200012,0,-0.156800002,49092,59919,65473,0.174973726,0.231411248,0.455349922,0.393200010,0.346399993,1,0.291200012,0,0.156800002,49152,1819,0,-0.113600001,0.220273003,-0.236479998,0.393200010,0.346399993,1
513,160,0,160,0,1.05443001,0.00532099977,0,0,0,0.246340007,0.0445500016,-0.313600004,16384,0,62635,0.255901009,1.20861006,0.527723014,0.391730011,0.392399997,0,0.246340007,0.0450000018,0.313600004,16384,0,7011,-0.456126988,0.941671014,0.0829980001,0.392069995,0.392069995,0,0.291200012,0,-0.156800002,49152,59944,0,0.174428001,0.230711997,0.459861994,0.393200010,0.346399993,1,0.291200012,0,0.156800002,49152,1819,0,-0.113600001,0.220273003,-0.236479998,0.393200010,0.346399993,1
278,2,0,1,0,1.06320262,0,0,65444,0,0.246340007,0.0445500016,-0.313600004,16384,0,62672,0.251689255,1.21444094,0.527112007,0.391730011,0.392399997,0,0.246340007,0.0450000018,0.313600004,16384,0,7271,-0.457006544,0.944343328,0.0759845972,0.392069995,0.392069995,0,0.291200012,0,-0.156800002,49152,60075,0,0.174428001,0.233581781,0.455952257,0.393200010,0.346399993,1,0.291200012,0,0.156800002,49152,1820,0,-0.113600001,0.220485002,-0.240457237,0.393200010,0.346399993,1
278,3,0,2,0,1.07202888,0,0,65336,0,0.246340007,0.0445500016,-0.313600004,16384,0,62672,0.247657478,1.21832669,0.529200315,0.391730011,0.392399997,0,0.246340007,0.0450000018,0.313600004,16384,0,7271,-0.457515985,0.946608901,0.0750738755,0.392069995,0.392069995,0,0.291200012,0,-0.156800002,49152,60075,0,0.174428001,0.237476930,0.456657887,0.393200010,0.346399993,1,0.291200012,0,0.156800002,49152,1820,0,-0.113600001,0.220591009,-0.239785373,0.393200010,0.346399993,1
278,4,0,3,0,1.08229518,0,0,65194,0,0.246340007,0.0445500016,-0.313600004,16384,0,62672,0.242721960,1.22266793,0.531103253,0.391730011,0.392399997,0,0.246340007,0.0450000018,0.313600004,16384,0,7271,-0.458073795,0.949480891,0.0741183311,0.392069995,0.392069995,0,0.291200012,0,-0.156800002,49152,60075,0,0.174428001,0.242170021,0.457363486,0.393200010,0.346399993,1,0.291200012,0,0.156800002,49152,1820,0,-0.113600001,0.220697001,-0.239113495,0.393200010,0.346399993,1
278,5,0,4,0,1.09328151,0,0,65022,0,0.246340007,0.0445500016,-0.313600004,16384,0,62672,0.237011775,1.22739959,0.532845676,0.391730011,0.392399997,0,0.246340007,0.0450000018,0.313600004,16384,0,7271,-0.458673596,0.952837944,0.0731239244,0.392069995,0.392069995,0,0.291200012,0,-0.156800002,49152,60075,0,0.174428001,0.247262046,0.458069116,0.393200010,0.346399993,1,0.291200012,0,0.156800002,49152,1820,0,-0.113600001,0.220802993,-0.238441616,0.393200010,0.346399993,1
278,6,0,5,0,1.10426772,0,0,64825,0,0.246340007,0.0445500016,-0.313600004,16384,0,62672,0.230656028,1.23245645,0.534452200,0.391730011,0.392399997,0,0.246340007,0.0450000018,0.313600004,16384,0,7271,-0.459308922,0.956558764,0.0720966309,0.392069995,0.392069995,0,0.291200012,0,-0.156800002,49152,60075,0,0.174428001,0.252354115,0.458774745,0.393200010,0.346399993,1,0.291200012,0,0.156800002,49152,1820,0,-0.113600001,0.220908999,-0.237769753,0.393200010,0.346399993,1
278,7,0,6,0,1.11453390,0,0,64609,0,0.246340007,0.0445500016,-0.313600004,16384,0,62672,0.223783880,1.23777354,0.535947502,0.391730011,0.392399997,0,0.246340007,0.0450000018,0.313600004,16384,0,7271,-0.459973216,0.960522056,0.0710424408,0.392069995,0.392069995,0,0.291200012,0,-0.156800002,49152,60075,0,0.174428001,0.257047176,0.459480375,0.393200010,0.346399993,1,0.291200012,0,0.156800002,49152,1820,0,-0.113600001,0.221015006,-0.237097874,0.393200010,0.346399993,1
278,8,0,7,0,1.12336016,0,0,64378,0,0.246340007,0.0445500016,-0.313600004,16384,0,62672,0.216524363,1.24328578,0.537356257,0.391730011,0.392399997,0,0.246340007,0.0450000018,0.313600004,16384,0,7271,-0.460660160,0.964606643,0.0699673295,0.392069995,0.392069995,0,0.291200012,0,-0.156800002,49152,60075,0,0.174428001,0.260942340,0.460186005,0.393200010,0.346399993,1,0.291200012,0,0.156800002,49152,1820,0,-0.113600001,0.221120998,-0.236425996,0.393200010,0.346399993,1
278,9,0,8,0,1.12792015,0,0,64137,0,0.246340007,0.0445500016,-0.313600004,16384,0,62672,0.210219502,1.24646270,0.536291659,0.391730011,0.392399997,0,0.246340007,0.0450000018,0.313600004,16384,0,7271,-0.460938245,0.967557192,0.0697097704,0.392069995,0.392069995,0,0.291200012,0,-0.156800002,49152,60075,0,0.174428001,0.263469130,0.460186005,0.393200010,0.346399993,1,0.291200012,0,0.156800002,49152,1820,0,-0.113600001,0.221120998,-0.236425996,0.393200010,0.346399993,1
278,10,0,9,0,1.12960005,0,0,63891,0,0.246340007,0.0445500016,-0.313600004,16384,0,62672,0.203785539,1.24970472,0.535189986,0.391730011,0.392399997,0,0.246340007,0.0450000018,0.313600004,16384,0,7271,-0.461225957,0.970386446,0.0694432482,0.392069995,0.392069995,0,0.291200012,0,-0.156800002,49152,60075,0,0.174428001,0.264400005,0.460186005,0.393200010,0.346399993,1,0.291200012,0,0.156800002,49152,1820,0,-0.113600001,0.221120998,-0.236425996,0.393200010,0.346399993,1
278,11,0,10,0,1.12792003,0,0,63645,0,0.246340007,0.0445500016,-0.313600004,16384,0,62672,0.197351590,1.25294662,0.534075975,0.391730011,0.392399997,0,0.246340007,0.0450000018,0.313600004,16384,0,7271,-0.461516976,0.972973228,0.0691737309,0.392069995,0.392069995,0,0.291200012,0,-0.156800002,49152,60075,0,0.174428001,0.263280004,0.460186005,0.393200010,0.346399993,1,0.291200012,0,0.156800002,49152,1820,0,-0.113600001,0.221120998,-0.236425996,0.393200010,0.346399993,1
278,12,0,11,0,1.12336004,0,0,63404,0,0.246340007,0.0445500016,-0.313600004,16384,0,62672,0.191046730,1.25612354,0.532974303,0.391730011,0.392399997,0,0.246340007,0.0450000018,0.313600004,16384,0,7271,-0.461804688,0.975196242,0.0689072087,0.392069995,0.392069995,0,0.291200012,0,-0.156800002,49152,60075,0,0.174428001,0.260239989,0.460186005,0.393200010,0.346399993,1,0.291200012,0,0.156800002,49152,1820,0,-0.113600001,0.221120998,-0.236425996,0.393200010,0.346399993,1
278,13,0,12,0,1.11664009,0,0,63173,0,0.246340007,0.0445500016,-0.313600004,16384,0,62672,0.185000092,1.25917017,0.531909704,0.391730011,0.392399997,0,0.246340007,0.0450000018,0.313600004,16384,0,7271,-0.462082744,0.976934254,0.0686496496,0.392069995,0.392069995,0,0.291200012,0,-0.156800002,49152,60075,0,0.174428001,0.255760014,0.460186005,0.393200010,0.346399993,1,0.291200012,0,0.156800002,49152,1820,0,-0.113600001,0.221120998,-0.236425996,0.393200010,0.346399993,1
278,14,0,13,0,1.10847998,0,0,62956,0,0.246340007,0.0445500016,-0.313600004,16384,0,62672,0.179340780,1.26202190,0.530906916,0.391730011,0.392399997,0,0.246340007,0.0450000018,0.313600004,16384,0,7271,-0.462344706,0.978065848,0.0684070438,0.392069995,0.392069995,0,0.291200012,0,-0.156800002,49152,60075,0,0.174428001,0.250319988,0.460186005,0.393200010,0.346399993,1,0.291200012,0,0.156800002,49152,1820,0,-0.113600001,0.221120998,-0.236425996,0.393200010,0.346399993,1
278,15,0,14,0,1.09959996,0,0,62760,0,0.246340007,0.0445500016,-0.313600004,16384,0,62672,0.174197897,1.26461327,0.529990554,0.391730011,0.392399997,0,0.246340007,0.0450000018,0.313600004,16384,0,7271,-0.462584019,0.978470027,0.0681853518,0.392069995,0.392069995,0,0.291200012,0,-0.156800002,49152,60075,0,0.174428001,0.244400010,0.460186005,0.393200010,0.346399993,1,0.291200012,0,0.156800002,49152,1820,0,-0.113600001,0.221120998,-0.236425996,0.393200010,0.346399993,1
278,16,0,15,0,1.09072006,0,0,62588,0,0.246340007,0.0445500016,-0.313600004,16384,0,62672,0.169700608,1.26687932,0.529185414,0.391730011,0.392399997,0,0.246340007,0.0450000018,0.313600004,16384,0,7271,-0.462794334,0.978342116,0.0679905638,0.392069995,0.392069995,0,0.291200012,0,-0.156800002,49152,60075,0,0.174428001,0.238480017,0.460186005,0.393200010,0.346399993,1,0.291200012,0,0.156800002,49152,1820,0,-0.113600001,0.221120998,-0.236425996,0.393200010,0.346399993,1
278,17,0,16,0,1.08255994,0,0,62445,0,0.246340007,0.0445500016,-0.313600004,16384,0,62672,0.165977940,1.26875508,0.528516173,0.391730011,0.392399997,0,0.246340007,0.0450000018,0.313600004,16384,0,7271,-0.462969095,0.977972686,0.0678286552,0.392069995,0.392069995,0,0.291200012,0,-0.156800002,49152,60075,0,0.174428001,0.233040020,0.460186005,0.393200010,0.346399993,1,0.291200012,0,0.156800002,49152,1820,0,-0.113600001,0.221120998,-0.236425996,0.393200010,0.346399993,1
278,18,0,17,0,1.07584000,0,0,62338,0,0.246340007,0.0445500016,-0.313600004,16384,0,62672,0.163159043,1.27017558,0.528007507,0.391730011,0.392399997,0,0.246340007,0.0450000018,0.313600004,16384,0,7271,-0.463101953,0.977382600,0.0677056089,0.392069995,0.392069995,0,0.291200012,0,-0.156800002,49152,60075,0,0.174428001,0.228560016,0.460186005,0.393200010,0.346399993,1,0.291200012,0,0.156800002,49152,1820,0,-0.113600001,0.221120998,-0.236425996,0.393200010,0.346399993,1
278,19,0,18,0,1.07128000,0,0,62269,0,0.246340007,0.0445500016,-0.313600004,16384,0,62672,0.161373019,1.27107549,0.527684212,0.391730011,0.392399997,0,0.246340007,0.0450000018,0.313600004,16384,0,7271,-0.463186383,0.976592839,0.0676273927,0.392069995,0.392069995,0,0.291200012,0,-0.156800002,49152,60075,0,0.174428001,0.225520015,0.460186005,0.393200010,0.346399993,1,0.291200012,0,0.156800002,49152,1820,0,-0.113600001,0.221120998,-0.236425996,0.393200010,0.346399993,1
278,20,0,19,0,1.06959999,0,0,62246,0,0.246340007,0.0445500016,-0.313600004,16384,0,62672,0.160749003,1.27138996,0.527571023,0.391730011,0.392399997,0,0.246340007,0.0450000018,0.313600004,16384,0,7271,-0.463216007,0.975624561,0.0675999969,0.392069995,0.392069995,0,0.291200012,0,-0.156800002,49152,60075,0,0.174428001,0.224399999,0.460186005,0.393200010,0.346399993,1,0.291200012,0,0.156800002,49152,1820,0,-0.113600001,0.221120998,-0.236425996,0.393200010,0.346399993,1
278,21,0,20,0,1.07128000,0,0,62230,0,0.246340007,0.0445500016,-0.313600004,16384,0,62672,0.161326364,1.27105689,0.527695894,0.391730011,0.392399997,0,0.246340007,0.0450000018,0.313600004,16384,0,7271,-0.463216007,0.974498630,0.0675999969,0.392069995,0.392069995,0,0.291200012,0,-0.156800002,49152,60075,0,0.174428001,0.225520015,0.460186005,0.393200010,0.346399993,1,0.291200012,0,0.156800002,49152,1820,0,-0.113600001,0.221120998,-0.236425996,0.393200010,0.346399993,1
278,22,0,21,0,1.07584000,0,0,62185,0,0.246340007,0.0445500016,-0.313600004,16384,0,62672,0.162978753,1.27010345,0.528053403,0.391730011,0.392399997,0,0.246340007,0.0450000018,0.313600004,16384,0,7271,-0.463216007,0.973236144,0.0675999969,0.392069995,0.392069995,0,0.291200012,0,-0.156800002,49152,60075,0,0.174428001,0.228560016,0.460186005,0.393200010,0.346399993,1,0.291200012,0,0.156800002,49152,1820,0,-0.113600001,0.221120998,-0.236425996,0.393200010,0.346399993,1
278,23,0,22,0,1.08255994,0,0,62114,0,0.246340007,0.0445500016,-0.313600004,16384,0,62672,0.165586770,1.26859856,0.528617680,0.391730011,0.392399997,0,0.246340007,0.0450000018,0.313600004,16384,0,7271,-0.463216007,0.971857965,0.0675999969,0.392069995,0.392069995,0,0.291200012,0,-0.156800002,49152,60075,0,0.174428001,0.233040020,0.460186005,0.393200010,0.346399993,1,0.291200012,0,0.156800002,49152,1820,0,-0.113600001,0.221120998,-0.236425996,0.393200010,0.346399993,1
278,24,0,23,0,1.09072006,0,0,62021,0,0.246340007,0.0445500016,-0.313600004,16384,0,62672,0.169030949,1.26661122,0.529362857,0.391730011,0.392399997,0,0.246340007,0.0450000018,0.313600004,16384,0,7271,-0.463216007,0.970385373,0.0675999969,0.392069995,0.392069995,0,0.291200012,0,-0.156800002,49152,60075,0,0.174428001,0.238480017,0.460186005,0.393200010,0.346399993,1,0.291200012,0,0.156800002,49152,1820,0,-0.113600001,0.221120998,-0.236425996,0.393200010,0.346399993,1
278,25,0,24,0,1.09959996,0,0,61908,0,0.246340007,0.0445500016,-0.313600004,16384,0,62672,0.173191831,1.26421034,0.530263066,0.391730011,0.392399997,0,0.246340007,0.0450000018,0.313600004,16384,0,7271,-0.463216007,0.968839228,0.0675999969,0.392069995,0.392069995,0,0.291200012,0,-0.156800002,49152,60075,0,0.174428001,0.244400010,0.460186005,0.393200010,0.346399993,1,0.291200012,0,0.156800002,49152,1820,0,-0.113600001,0.221120998,-0.236425996,0.393200010,0.346399993,1
278,26,0,25,0,1.10847998,0,0,61779,0,0.246340007,0.0445500016,-0.313600004,16384,0,62672,0.177949950,1.26146483,0.531292498,0.391730011,0.392399997,0,0.246340007,0.0450000018,0.313600004,16384,0,7271,-0.463216007,0.967240572,0.0675999969,0.392069995,0.392069995,0,0.291200012,0,-0.156800002,49152,60075,0,0.174428001,0.250319988,0.460186005,0.393200010,0.346399993,1,0.291200012,0,0.156800002,49152,1820,0,-0.113600001,0.221120998,-0.236425996,0.393200010,0.346399993,1
278,27,0,26,0,1.11664009,0,0,61637,0,0.246340007,0.0445500016,-0.313600004,16384,0,62672,0.183185890,1.25844359,0.532425284,0.391730011,0.392399997,0,0.246340007,0.0450000018,0.313600004,16384,0,7271,-0.463216007,0.965610266,0.0675999969,0.392069995,0.392069995,0,0.291200012,0,-0.156800002,49152,60075,0,0.174428001,0.255760014,0.460186005,0.393200010,0.346399993,1,0.291200012,0,0.156800002,49152,1820,0,-0.113600001,0.221120998,-0.236425996,0.393200010,0.346399993,1
278,28,0,27,0,1.12336004,0,0,61486,0,0.246340007,0.0445500016,-0.313600004,16384,0,62672,0.188780174,1.25521564,0.533635616,0.391730011,0.392399997,0,0.246340007,0.0450000018,0.313600004,16384,0,7271,-0.463216007,0.963969588,0.0675999969,0.392069995,0.392069995,0,0.291200012,0,-0.156800002,49152,60075,0,0.174428001,0.260239989,0.460186005,0.393200010,0.346399993,1,0.291200012,0,0.156800002,49152,1820,0,-0.113600001,0.221120998,-0.236425996,0.393200010,0.346399993,1
278,29,0,28,0,1.12792003,0,0,61328,0,0.246340007,0.0445500016,-0.313600004,16384,0,62672,0.194613382,1.25184977,0.534897625,0.391730011,0.392399997,0,0.246340007,0.0450000018,0.313600004,16384,0,7271,-0.463216007,0.962339342,0.0675999969,0.392069995,0.392069995,0,0.291200012,0,-0.156800002,49152,60075,0,0.174428001,0.263280004,0.460186005,0.393200010,0.346399993,1,0.291200012,0,0.156800002,49152,1820,0,-0.113600001,0.221120998,-0.236425996,0.393200010,0.346399993,1
278,30,0,29,0,1.12960005,0,0,61167,0,0.246340007,0.0445500016,-0.313600004,16384,0,62672,0.200566024,1.24841499,0.536185503,0.391730011,0.392399997,0,0.246340007,0.0450000018,0.313600004,16384,0,7271,-0.463216007,0.960740626,0.0675999969,0.392069995,0.392069995,0,0.291200012,0,-0.156800002,49152,60075,0,0.174428001,0.264400005,0.460186005,0.393200010,0.346399993,1,0.291200012,0,0.156800002,49152,1820,0,-0.113600001,0.221120998,-0.236425996,0.393200010,0.346399993,1
278,31,0,30,0,1.12792003,0,0,61005,0,0.246340007,0.0445500016,-0.313600004,16384,0,62672,0.206518650,1.24498022,0.537473381,0.391730011,0.392399997,0,0.246340007,0.0450000018,0.313600004,16384,0,7271,-0.463216007,0.959194481,0.0675999969,0.392069995,0.392069995,0,0.291200012,0,-0.156800002,49152,60075,0,0.174428001,0.263280004,0.460186005,0.393200010,0.346399993,1,0.291200012,0,0.156800002,49152,1820,0,-0.113600001,0.221120998,-0.236425996,0.393200010,0.346399993,1
278,32,0,31,0,1.12336004,0,0,60848,0,0.246340007,0.0445500016,-0.313600004,16384,0,62672,0.212351844,1.24161446,0.538735390,0.391730011,0.392399997,0,0.246340007,0.0450000018,0.313600004,16384,0,7271,-0.463216007,0.957721889,0.0675999969,0.392069995,0.392069995,0,0.291200012,0,-0.156800002,49152,60075,0,0.174428001,0.260239989,0.460186005,0.393200010,0.346399993,1,0.291200012,0,0.156800002,49152,1820,0,-0.113600001,0.221120998,-0.236425996,0.393200010,0.346399993,1
278,33,0,32,0,1.11664009,0,0,60696,0,0.246340007,0.0445500016,-0.313600004,16384,0,62672,0.217946127,1.23838639,0.539945722,0.391730011,0.392399997,0,0.246340007,0.0450000018,0.313600004,16384,0,7271,-0.463216007,0.956343770,0.0675999969,0.392069995,0.392069995,0,0.291200012,0,-0.156800002,49152,60075,0,0.174428001,0.255760014,0.460186005,0.393200010,0.346399993,1,0.291200012,0,0.156800002,49152,1820,0,-0.113600001,0.221120998,-0.236425996,0.393200010,0.346399993,1
278,34,0,33,0,1.10847998,0,0,60555,0,0.246340007,0.0445500016,-0.313600004,16384,0,62672,0.223182082,1.23536527,0.541078508,0.391730011,0.392399997,0,0.246340007,0.0450000018,0.313600004,16384,0,7271,-0.463216007,0.955081224,0.0675999969,0.392069995,0.392069995,0,0.291200012,0,-0.156800002,49152,60075,0,0.174428001,0.250319988,0.460186005,0.393200010,0.346399993,1,0.291200012,0,0.156800002,49152,1820,0,-0.113600001,0.221120998,-0.236425996,0.393200010,0.346399993,1
278,35,0,34,0,1.09959996,0,0,60426,0,0.246340007,0.0445500016,-0.313600004,16384,0,62672,0.227940187,1.23261964,0.542107999,0.391730011,0.392399997,0,0.246340007,0.0450000018,0.313600004,16384,0,7271,-0.463216007,0.953955293,0.0675999969,0.392069995,0.392069995,0,0.291200012,0,-0.156800002,49152,60075,0,0.174428001,0.244400010,0.460186005,0.393200010,0.346399993,1,0.291200012,0,0.156800002,49152,1820,0,-0.113600001,0.221120998,-0.236425996,0.393200010,0.346399993,1
278,36,0,35,0,1.09072006,0,0,60314,0,0.246340007,0.0445500016,-0.313600004,16384,0,62672,0.232101068,1.23021889,0.543008208,0.391730011,0.392399997,0,0.246340007,0.0450000018,0.313600004,16384,0,7271,-0.463216007,0.952987075,0.0675999969,0.392069995,0.392069995,0,0.291200012,0,-0.156800002,49152,60075,0,0.174428001,0.238480017,0.460186005,0.393200010,0.346399993,1,0.291200012,0,0.156800002,49152,1820,0,-0.113600001,0.221120998,-0.236425996,0.393200010,0.346399993,1
278,37,0,36,0,1.08255994,0,0,60221,0,0.246340007,0.0445500016,-0.313600004,16384,0,62672,0.235545248,1.22823143,0.543753386,0.391730011,0.392399997,0,0.246340007,0.0450000018,0.313600004,16384,0,7271,-0.463216007,0.952197313,0.0675999969,0.392069995,0.392069995,0,0.291200012,0,-0.156800002,49152,60075,0,0.174428001,0.233040020,0.460186005,0.393200010,0.346399993,1,0.291200012,0,0.156800002,49152,1820,0,-0.113600001,0.221120998,-0.236425996,0.393200010,0.346399993,1
278,38,0,37,0,1.07584000,0,0,60151,0,0.246340007,0.0445500016,-0.313600004,16384,0,62672,0.238153264,1.22672665,0.544317603,0.391730011,0.392399997,0,0.246340007,0.0450000018,0.313600004,16384,0,7271,-0.463216007,0.951607227,0.0675999969,0.392069995,0.392069995,0,0.291200012,0,-0.156800002,49152,60075,0,0.174428001,0.228560016,0.460186005,0.393200010,0.346399993,1,0.291200012,0,0.156800002,49152,1820,0,-0.113600001,0.221120998,-0.236425996,0.393200010,0.346399993,1
278,39,0,38,0,1.07128000,0,0,60107,0,0.246340007,0.0445500016,-0.313600004,16384,0,62672,0.239805669,1.22577322,0.544675052,0.391730011,0.392399997,0,0.246340007,0.0450000018,0.313600004,16384,0,7271,-0.463216007,0.951237738,0.0675999969,0.392069995,0.392069995,0,0.291200012,0,-0.156800002,49152,60075,0,0.174428001,0.225520015,0.460186005,0.393200010,0.346399993,1,0.291200012,0,0.156800002,49152,1820,0,-0.113600001,0.221120998,-0.236425996,0.393200010,0.346399993,1
278,40,0,39,0,1.06959999,0,0,60092,0,0.246340007,0.0445500016,-0.313600004,16384,0,62672,0.240382999,1.22544003,0.544799984,0.391730011,0.392399997,0,0.246340007,0.0450000018,0.313600004,16384,0,7271,-0.463216007,0.951110005,0.0675999969,0.392069995,0.392069995,0,0.291200012,0,-0.156800002,49152,60075,0,0.174428001,0.224399999,0.460186005,0.393200010,0.346399993,1,0.291200012,0,0.156800002,49152,1820,0,-0.113600001,0.221120998,-0.236425996,0.393200010,0.346399993,1
278,41,0,40,0,1.07128000,0,0,60109,0,0.246340007,0.0445500016,-0.313600004,16384,0,62672,0.239799783,1.22577560,0.544680834,0.391730011,0.392399997,0,0.246340007,0.0450000018,0.313600004,16384,0,7271,-0.463216007,0.951417327,0.0675999969,0.392069995,0.392069995,0,0.291200012,0,-0.156800002,49152,60075,0,0.174428001,0.225520015,0.460186005,0.393200010,0.346399993,1,0.291200012,0,0.156800002,49152,1820,0,-0.113600001,0.221120998,-0.236425996,0.393200010,0.346399993,1
278,42,0,41,0,1.07584000,0,0,60155,0,0.246340007,0.0445500016,-0.313600004,16384,0,62672,0.238130569,1.22673619,0.544339776,0.391730011,0.392399997,0,0.246340007,0.0450000018,0.313600004,16384,0,7271,-0.463216007,0.952285647,0.0675999969,0.392069995,0.392069995,0,0.291200012,0,-0.156800002,49152,60075,0,0.174428001,0.228560016,0.460186005,0.393200010,0.346399993,1,0.291200012,0,0.156800002,49152,1820,0,-0.113600001,0.221120998,-0.236425996,0.393200010,0.346399993,1
278,43,0,42,0,1.08255994,0,0,60227,0,0.246340007,0.0445500016,-0.313600004,16384,0,62672,0.235496044,1.22825217,0.543801427,0.391730011,0.392399997,0,0.246340007,0.0450000018,0.313600004,16384,0,7271,-0.463216007,0.953634977,0.0675999969,0.392069995,0.392069995,0,0.291200012,0,-0.156800002,49152,60075,0,0.174428001,0.233040020,0.460186005,0.393200010,0.346399993,1,0.291200012,0,0.156800002,49152,1820,0,-0.113600001,0.221120998,-0.236425996,0.393200010,0.346399993,1
278,44,0,43,0,1.09072006,0,0,60322,0,0.246340007,0.0445500016,-0.313600004,16384,0,62672,0.232016832,1.23025417,0.543090582,0.391730011,0.392399997,0,0.246340007,0.0450000018,0.313600004,16384,0,7271,-0.463216007,0.955385029,0.0675999969,0.392069995,0.392069995,0,0.291200012,0,-0.156800002,49152,60075,0,0.174428001,0.238480017,0.460186005,0.393200010,0.346399993,1,0.291200012,0,0.156800002,49152,1820,0,-0.113600001,0.221120998,-0.236425996,0.393200010,0.346399993,1
278,45,0,44,0,1.09959996,0,0,60436,0,0.246340007,0.0445500016,-0.313600004,16384,0,62672,0.227813631,1.23267281,0.542231739,0.391730011,0.392399997,0,0.246340007,0.0450000018,0.313600004,16384,0,7271,-0.463216007,0.957455695,0.0675999969,0.392069995,0.392069995,0,0.291200012,0,-0.156800002,49152,60075,0,0.174428001,0.244400010,0.460186005,0.393200010,0.346399993,1,0.291200012,0,0.156800002,49152,1820,0,-0.113600001,0.221120998,-0.236425996,0.393200010,0.346399993,1
278,46,0,45,0,1.10847998,0,0,60567,0,0.246340007,0.0445500016,-0.313600004,16384,0,62672,0.223007098,1.23543870,0.541249633,0.391730011,0.392399997,0,0.246340007,0.0450000018,0.313600004,16384,0,7271,-0.463216007,0.959766865,0.0675999969,0.392069995,0.392069995,0,0.291200012,0,-0.156800002,49152,60075,0,0.174428001,0.250319988,0.460186005,0.393200010,0.346399993,1,0.291200012,0,0.156800002,49152,1820,0,-0.113600001,0.221120998,-0.236425996,0.393200010,0.346399993,1
278,47,0,46,0,1.11664009,0,0,60711,0,0.246340007,0.0445500016,-0.313600004,16384,0,62672,0.217717916,1.23848224,0.540168881,0.391730011,0.392399997,0,0.246340007,0.0450000018,0.313600004,16384,0,7271,-0.463216007,0.962238431,0.0675999969,0.392069995,0.392069995,0,0.291200012,0,-0.156800002,49152,60075,0,0.174428001,0.255760014,0.460186005,0.393200010,0.346399993,1,0.291200012,0,0.156800002,49152,1820,0,-0.113600001,0.221120998,-0.236425996,0.393200010,0.346399993,1
278,48,0,47,0,1.12336004,0,0,60865,0,0.246340007,0.0445500016,-0.313600004,16384,0,62672,0.212066725,1.24173415,0.539014161,0.391730011,0.392399997,0,0.246340007,0.0450000018,0.313600004,16384,0,7271,-0.463216007,0.964790046,0.0675999969,0.392069995,0.392069995,0,0.291200012,0,-0.156800002,49152,60075,0,0.174428001,0.260239989,0.460186005,0.393200010,0.346399993,1,0.291200012,0,0.156800002,49152,1820,0,-0.113600001,0.221120998,-0.236425996,0.393200010,0.346399993,1
278,49,0,48,0,1.12792003,0,0,61025,0,0.246340007,0.0445500016,-0.313600004,16384,0,62672,0.206174210,1.24512482,0.537810147,0.391730011,0.392399997,0,0.246340007,0.0450000018,0.313600004,16384,0,7271,-0.463216007,0.967341661,0.0675999969,0.392069995,0.392069995,0,0.291200012,0,-0.156800002,49152,60075,0,0.174428001,0.263280004,0.460186005,0.393200010,0.346399993,1,0.291200012,0,0.156800002,49152,1820,0,-0.113600001,0.221120998,-0.236425996,0.393200010,0.346399993,1
278,50,0,49,0,1.12960005,0,0,61188,0,0.246340007,0.0445500016,-0.313600004,16384,0,62672,0.200161010,1.24858499,0.536581457,0.391730011,0.392399997,0,0.246340007,0.0450000018,0.313600004,16384,0,7271,-0.463216007,0.969813168,0.0675999969,0.392069995,0.392069995,0,0.291200012,0,-0.156800002,49152,60075,0,0.174428001,0.264400005,0.460186005,0.393200010,0.346399993,1,0.291200012,0,0.156800002,49152,1820,0,-0.113600001,0.221120998,-0.236425996,0.393200010,0.346399993,1
278,51,0,50,0,1.12792003,0,0,61351,0,0.246340007,0.0445500016,-0.313600004,16384,0,62672,0.194147840,1.25204515,0.535352826,0.391730011,0.392399997,0,0.246340007,0.0450000018,0.313600004,16384,0,7271,-0.463216007,0.972124338,0.0675999969,0.392069995,0.392069995,0,0.291200012,0,-0.156800002,49152,60075,0,0.174428001,0.263280004,0.460186005,0.393200010,0.346399993,1,0.291200012,0,0.156800002,49152,1820,0,-0.113600001,0.221120998,-0.236425996,0.393200010,0.346399993,1
278,52,0,51,0,1.12336004,0,0,61511,0,0.246340007,0.0445500016,-0.313600004,16384,0,62672,0.188255295,1.25543594,0.534148872,0.391730011,0.392399997,0,0.246340007,0.0450000018,0.313600004,16384,0,7271,-0.463216007,0.974195004,0.0675999969,0.392069995,0.392069995,0,0.291200012,0,-0.156800002,49152,60075,0,0.174428001,0.260239989,0.460186005,0.393200010,0.346399993,1,0.291200012,0,0.156800002,49152,1820,0,-0.113600001,0.221120998,-0.236425996,0.393200010,0.346399993,1
278,53,0,52,0,1.11664009,0,0,61665,0,0.246340007,0.0445500016,-0.313600004,16384,0,62672,0.182604119,1.25868785,0.532994092,0.391730011,0.392399997,0,0.246340007,0.0450000018,0.313600004,16384,0,7271,-0.463216007,0.975945115,0.0675999969,0.392069995,0.392069995,0,0.291200012,0,-0.156800002,49152,60075,0,0.174428001,0.255760014,0.460186005,0.393200010,0.346399993,1,0.291200012,0,0.156800002,49152,1820,0,-0.113600001,0.221120998,-0.236425996,0.393200010,0.346399993,1
278,54,0,53,0,1.10847998,0,0,61808,0,0.246340007,0.0445500016,-0.313600004,16384,0,62672,0.177314922,1.26173139,0.531913400,0.391730011,0.392399997,0,0.246340007,0.0450000018,0.313600004,16384,0,7271,-0.463216007,0.977294445,0.0675999969,0.392069995,0.392069995,0,0.291200012,0,-0.156800002,49152,60075,0,0.174428001,0.250319988,0.460186005,0.393200010,0.346399993,1,0.291200012,0,0.156800002,49152,1820,0,-0.113600001,0.221120998,-0.236425996,0.393200010,0.346399993,1
278,55,0,54,0,1.09959996,0,0,61939,0,0.246340007,0.0445500016,-0.313600004,16384,0,62672,0.172508389,1.26449716,0.530931294,0.391730011,0.392399997,0,0.246340007,0.0450000018,0.313600004,16384,0,7271,-0.463216007,0.978162766,0.0675999969,0.392069995,0.392069995,0,0.291200012,0,-0.156800002,49152,60075,0,0.174428001,0.244400010,0.460186005,0.393200010,0.346399993,1,0.291200012,0,0.156800002,49152,1820,0,-0.113600001,0.221120998,-0.236425996,0.393200010,0.346399993,1
278,56,0,55,0,1.09072006,0,0,62053,0,0.246340007,0.0445500016,-0.313600004,16384,0,62672,0.168305188,1.26691580,0.530072451,0.391730011,0.392399997,0,0.246340007,0.0450000018,0.313600004,16384,0,7271,-0.463216007,0.978470027,0.0675999969,0.392069995,0.392069995,0,0.291200012,0,-0.156800002,49152,60075,0,0.174428001,0.238480017,0.460186005,0.393200010,0.346399993,1,0.291200012,0,0.156800002,49152,1820,0,-0.113600001,0.221120998,-0.236425996,0.393200010,0.346399993,1
278,57,0,56,0,1.08255994,0,0,62147,0,0.246340007,0.0445500016,-0.313600004,16384,0,62672,0.164825976,1.26891780,0.529361546,0.391730011,0.392399997,0,0.246340007,0.0450000018,0.313600004,16384,0,7271,-0.463216007,0.978329659,0.0675999969,0.392069995,0.392069995,0,0.291200012,0,-0.156800002,49152,60075,0,0.174428001,0.233040020,0.460186005,0.393200010,0.346399993,1,0.291200012,0,0.156800002,49152,1820,0,-0.113600001,0.221120998,-0.236425996,0.393200010,0.346399993,1
278,58,0,57,0,1.07584000,0,0,62219,0,0.246340007,0.0445500016,-0.313600004,16384,0,62672,0.162191436,1.27043390,0.528823197,0.391730011,0.392399997,0,0.246340007,0.0450000018,0.313600004,16384,0,7271,-0.463216007,0.977924466,0.0675999969,0.392069995,0.392069995,0,0.291200012,0,-0.156800002,49152,60075,0,0.174428001,0.228560016,0.460186005,0.393200010,0.346399993,1,0.291200012,0,0.156800002,49152,1820,0,-0.113600001,0.221120998,-0.236425996,0.393200010,0.346399993,1
278,59,0,58,0,1.07128000,0,0,62264,0,0.246340007,0.0445500016,-0.313600004,16384,0,62672,0.160522223,1.27139437,0.528482139,0.391730011,0.392399997,0,0.246340007,0.0450000018,0.313600004,16384,0,7271,-0.463216007,0.977278650,0.0675999969,0.392069995,0.392069995,0,0.291200012,0,-0.156800002,49152,60075,0,0.174428001,0.225520015,0.460186005,0.393200010,0.346399993,1,0.291200012,0,0.156800002,49152,1820,0,-0.113600001,0.221120998,-0.236425996,0.393200010,0.346399993,1
278,60,0,59,0,1.06959999,0,0,62280,0,0.246340007,0.0445500016,-0.313600004,16384,0,62672,0.159939006,1.27172995,0.528362989,0.391730011,0.392399997,0,0.246340007,0.0450000018,0.313600004,16384,0,7271,-0.463216007,0.976416230,0.0675999969,0.392069995,0.392069995,0,0.291200012,0,-0.156800002,49152,60075,0,0.174428001,0.224399999,0.460186005,0.393200010,0.346399993,1,0.291200012,0,0.156800002,49152,1820,0,-0.113600001,0.221120998,-0.236425996,0.393200010,0.346399993,1
278,61,0,60,0,1.07128000,0,0,62304,0,0.246340007,0.0445500016,-0.313600004,16384,0,62672,0.160568923,1.27141309,0.528460383,0.391730011,0.392399997,0,0.246340007,0.0450000018,0.313600004,16384,0,7271,-0.463189274,0.975361168,0.0676247701,0.392069995,0.392069995,0,0.291200012,0,-0.156800002,49152,60075,0,0.174428001,0.225520015,0.460186005,0.393200010,0.346399993,1,0.291200012,0,0.156800002,49152,1820,0,-0.113600001,0.221120998,-0.236425996,0.393200010,0.346399993,1
278,62,0,61,0,1.07584000,0,0,62371,0,0.246340007,0.0445500016,-0.313600004,16384,0,62672,0.162371740,1.27050614,0.528739154,0.391730011,0.392399997,0,0.246340007,0.0450000018,0.313600004,16384,0,7271,-0.463112742,0.974137723,0.0676956698,0.392069995,0.392069995,0,0.291200012,0,-0.156800002,49152,60075,0,0.174428001,0.228560016,0.460186005,0.393200010,0.346399993,1,0.291200012,0,0.156800002,49152,1820,0,-0.113600001,0.221120998,-0.236425996,0.393200010,0.346399993,1
278,63,0,62,0,1.08255994,0,0,62478,0,0.246340007,0.0445500016,-0.313600004,16384,0,62672,0.165217146,1.26907456,0.529179156,0.391730011,0.392399997,0,0.246340007,0.0450000018,0.313600004,16384,0,7271,-0.462991893,0.972769797,0.0678075776,0.392069995,0.392069995,0,0.291200012,0,-0.156800002,49152,60075,0,0.174428001,0.233040020,0.460186005,0.393200010,0.346399993,1,0.291200012,0,0.156800002,49152,1820,0,-0.113600001,0.221120998,-0.236425996,0.393200010,0.346399993,1
278,64,0,63,0,1.09072006,0,0,62619,0,0.246340007,0.0445500016,-0.313600004,16384,0,62672,0.168974832,1.26718414,0.529760242,0.391730011,0.392399997,0,0.246340007,0.0450000018,0.313600004,16384,0,7271,-0.462832361,0.971281528,0.0679553673,0.392069995,0.392069995,0,0.291200012,0,-0.156800002,49152,60075,0,0.174428001,0.238480017,0.460186005,0.393200010,0.346399993,1,0.291200012,0,0.156800002,49152,1820,0,-0.113600001,0.221120998,-0.236425996,0.393200010,0.346399993,1
278,65,0,64,0,1.09959996,0,0,62789,0,0.246340007,0.0445500016,-0.313600004,16384,0,62672,0.173514485,1.26490033,0.530462205,0.391730011,0.392399997,0,0.246340007,0.0450000018,0.313600004,16384,0,7271,-0.462639600,0.969696999,0.0681339055,0.392069995,0.392069995,0,0.291200012,0,-0.156800002,49152,60075,0,0.174428001,0.244400010,0.460186005,0.393200010,0.346399993,1,0.291200012,0,0.156800002,49152,1820,0,-0.113600001,0.221120998,-0.236425996,0.393200010,0.346399993,1
278,66,0,65,0,1.10847998,0,0,62983,0,0.246340007,0.0445500016,-0.313600004,16384,0,62672,0.178705737,1.26228857,0.531264961,0.391730011,0.392399997,0,0.246340007,0.0450000018,0.313600004,16384,0,7271,-0.462419182,0.968040287,0.0683380663,0.392069995,0.392069995,0,0.291200012,0,-0.156800002,49152,60075,0,0.174428001,0.250319988,0.460186005,0.393200010,0.346399993,1,0.291200012,0,0.156800002,49152,1820,0,-0.113600001,0.221120998,-0.236425996,0.393200010,0.346399993,1
278,67,0,66,0,1.11664009,0,0,63197,0,0.246340007,0.0445500016,-0.313600004,16384,0,62672,0.184418291,1.25941467,0.532148361,0.391730011,0.392399997,0,0.246340007,0.0450000018,0.313600004,16384,0,7271,-0.462176651,0.966335416,0.0685627386,0.392069995,0.392069995,0,0.291200012,0,-0.156800002,49152,60075,0,0.174428001,0.255760014,0.460186005,0.393200010,0.346399993,1,0.291200012,0,0.156800002,49152,1820,0,-0.113600001,0.221120998,-0.236425996,0.393200010,0.346399993,1
278,68,0,67,0,1.12336004,0,0,63426,0,0.246340007,0.0445500016,-0.313600004,16384,0,62672,0.190521821,1.25634408,0.533092141,0.391730011,0.392399997,0,0.246340007,0.0450000018,0.313600004,16384,0,7271,-0.461917490,0.964606524,0.0688027814,0.392069995,0.392069995,0,0.291200012,0,-0.156800002,49152,60075,0,0.174428001,0.260239989,0.460186005,0.393200010,0.346399993,1,0.291200012,0,0.156800002,49152,1820,0,-0.113600001,0.221120998,-0.236425996,0.393200010,0.346399993,1
278,69,0,68,0,1.12792003,0,0,63665,0,0.246340007,0.0445500016,-0.313600004,16384,0,62672,0.196886003,1.25314236,0.534076273,0.391730011,0.392399997,0,0.246340007,0.0450000018,0.313600004,16384,0,7271,-0.461647272,0.962877631,0.0690530762,0.392069995,0.392069995,0,0.291200012,0,-0.156800002,49152,60075,0,0.174428001,0.263280004,0.460186005,0.393200010,0.346399993,1,0.291200012,0,0.156800002,49152,1820,0,-0.113600001,0.221120998,-0.236425996,0.393200010,0.346399993,1
278,70,0,69,0,1.12960005,0,0,63908,0,0.246340007,0.0445500016,-0.313600004,16384,0,62672,0.203380495,1.24987495,0.535080492,0.391730011,0.392399997,0,0.246340007,0.0450000018,0.313600004,16384,0,7271,-0.461371511,0.961172760,0.0693084970,0.392069995,0.392069995,0,0.291200012,0,-0.156800002,49152,60075,0,0.174428001,0.264400005,0.460186005,0.393200010,0.346399993,1,0.291200012,0,0.156800002,49152,1820,0,-0.113600001,0.221120998,-0.236425996,0.393200010,0.346399993,1
